TDRS 3
1 19548U 88091B   26283.76850413 -.00000306  00000+0  00000+0 0  9996
2 19548  12.5165 340.2324 0039493 350.9437 275.7654  1.00264680126547
FLTSATCOM 8 (USA 46)
1 20253U 89077A   26283.54486580 -.00000374  00000+0  00000+0 0  9997
2 20253  12.3920 350.4560 0004868 257.0620  93.2264  1.00282077261712
TDRS 5
1 21639U 91054B   26283.41547189  .00000077  00000+0  00000+0 0  9992
2 21639  14.0580 352.9155 0009688 254.5233 113.4935  1.00273026128879
TDRS 6
1 22314U 93003B   26283.23446510 -.00000303  00000+0  00000+0 0  9998
2 22314  14.1863 356.1906 0009990 209.4632 211.6083  1.00265774123560
UFO 2 (USA 95)
1 22787U 93056A   26283.81823586  .00000119  00000+0  00000+0 0  9990
2 22787  11.9375   2.9031 0003752 254.3869  85.3548  1.00273494119704
UFO 4 (USA 108)
1 23467U 95003A   26283.55405250 -.00000027  00000+0  00000+0 0  9994
2 23467   9.7201  12.6940 0003083 190.6345 187.6016  1.00273621116118
TDRS 7
1 23613U 95035B   26283.77969277 -.00000244  00000+0  00000+0 0  9991
2 23613  13.2905 347.3851 0009767  98.0844 303.6166  1.00266508114414
USA 115 (MILSTAR-1 2)
1 23712U 95060A   26283.11609384 -.00000209  00000+0  00000+0 0  9998
2 23712  14.1143   2.8803 0005399 170.3568 157.3044  1.00270759 34033
INMARSAT 3-F1
1 23839U 96020A   26283.56525582 -.00000273  00000+0  00000+0 0  9992
2 23839  10.8386  45.5373 0007838 171.2306 154.0378  1.00002158111408
INMARSAT 3-F2
1 24307U 96053A   26283.79740601  .00000117  00000+0  00000+0 0  9991
2 24307  10.1146  52.7321 0005729 148.0757 135.5388  0.99989355110075
INMARSAT 3-F3
1 24674U 96070A   26283.79048024 -.00000237  00000+0  00000+0 0  9991
2 24674  10.5644  48.5105 0007076 173.7853   8.2208  0.99982927109063
USA 134
1 25019U 97065A   26283.35506495 -.00000067  00000+0  00000+0 0  9994
2 25019  12.9212  20.8395 0003855 268.4131 105.1001  1.00272027 34117
INMARSAT 3-F5
1 25153U 98006B   26283.79429359 -.00000294  00000+0  00000+0 0  9992
2 25153   9.9478  52.0760 0004580 149.8278  49.4911  1.00272647105059
ABS-6
1 25924U 99053A   26283.83650044 -.00000126  00000+0  00000+0 0  9997
2 25924   0.0562  84.3222 0001859 155.4706 239.8110  1.00271219 99004
UFO 10 (USA 146)
1 25967U 99063A   26283.08778382 -.00000193  00000+0  00000+0 0  9992
2 25967   9.9545  26.5874 0005118 208.8031 152.1127  1.00272125 98503
ASIASTAR
1 26107U 00016A   26283.82584039 -.00000335  00000+0  00000+0 0  9993
2 26107   9.3962  56.8878 0004092 152.1207 212.7077  1.00269073 97080
USA 149 (DSP 20)
1 26356U 00024A   26282.99870161 -.00000086  00000+0  00000+0 0  9992
2 26356  13.2863  11.1111 0002601 293.7176  94.8899  0.99009281 34076
TDRS 8
1 26388U 00034A   26283.82176704 -.00000199  00000+0  00000+0 0  9998
2 26388  12.8644  30.3205 0001542 174.0149 195.7374  1.00275719 96345
NSS-11
1 26554U 00059A   26283.83988046  .00000020  00000+0  00000+0 0  9993
2 26554   2.4193  79.8750 0002918 123.3154 294.6256  1.00271688 42450
USA 153
1 26575U 00065A   26283.68907978 -.00000327  00000+0  00000+0 0  9992
2 26575  11.8230  34.4396 0001064 130.2871 237.0688  1.00275977 34092
AMC-6
1 26580U 00067A   26282.99425507  .00000079  00000+0  00000+0 0  9999
2 26580   0.4411  83.2715 0004862 131.6812  26.5544  1.00273208 95048
USA 157 (MILSTAR-2 2)
1 26715U 01009A   26283.43864212  .00000104  00000+0  00000+0 0  9995
2 26715  11.6706  19.0262 0042780 181.8458 186.0967  1.00276881 34108
INTELSAT 902 (IS-902)
1 26900U 01039A   26283.86643146 -.00000285  00000+0  00000+0 0  9993
2 26900   6.4031  70.3184 0004061 131.5367  79.4930  1.00272692 91857
USA 164 (MILSTAR-2 3)
1 27168U 02001A   26282.95352155  .00000090  00000+0  00000+0 0  9999
2 27168  11.3206  21.1876 0097926   7.5027 352.0905  1.00267913 34109
INTELSAT 904 (IS-904)
1 27380U 02007A   26283.79880028 -.00000228  00000+0  00000+0 0  9993
2 27380   7.2039  67.7515 0003426 143.0890  64.6319  1.00270363 52923
DIRECTV 5 (TEMPO 1)
1 27426U 02023A   26283.92579839 -.00000060  00000+0  00000+0 0  9996
2 27426   5.1680  73.8102 0003247 137.4401  31.4857  1.00272377 89284
INTELSAT 905 (IS-905)
1 27438U 02027A   26283.56401922  .00000091  00000+0  00000+0 0  9993
2 27438   7.0381  68.3614 0003799 161.5980 215.0719  1.00272136 52522
GALAXY 3C (G-3C)
1 27445U 02030A   26283.92883174 -.00000156  00000+0  00000+0 0  9991
2 27445   4.0369  76.5382 0001280  48.5198 134.0303  1.00271756 47658
INTELSAT 906 (IS-906)
1 27513U 02041A   26283.88905155  .00000010  00000+0  00000+0 0  9996
2 27513   6.0903  71.4434 0003954 150.3681 181.9142  1.00272342 88188
NIMIQ 2
1 27632U 02062A   26283.92597172 -.00000072  00000+0  00000+0 0  9991
2 27632   9.7104  55.6371 0005475 140.6330  47.4350  1.00272392 45343
USA 167
1 27691U 03008A   26283.42448525  .00000001  00000+0  00000+0 0  9990
2 27691  11.1875  42.3456 0003599 280.4601  86.9953  1.00272619  7938
USA 169 (MILSTAR-2 4)
1 27711U 03012A   26283.62113280 -.00000200  00000+0  00000+0 0  9999
2 27711  12.5095  28.0278 0095905  11.9580 355.0191  1.00273543 34119
ASIASAT 4
1 27718U 03014A   26283.56525581 -.00000226  00000+0  00000+0 0  9990
2 27718   4.9928  74.2367 0002875 132.7913 163.1986  1.00270586 46458
HELLAS-SAT 2
1 27811U 03020A   26283.73180664 -.00000086  00000+0  00000+0 0  9993
2 27811   7.6371  66.4588 0009108 158.1526  48.2241  1.00272142 44006
THURAYA-2
1 27825U 03026A   26283.88506486  .00000121  00000+0  00000+0 0  9993
2 27825   9.0188  31.3925 0000430 214.8903 135.8524  1.00272801 85506
OPTUS C1
1 27831U 03028B   26283.50569258 -.00000155  00000+0  00000+0 0  9995
2 27831   7.1731  67.9668 0005393 131.9599 156.9393  1.00269951 54212
USA 170
1 27875U 03040A   26283.52458572  .00000123  00000+0  00000+0 0  9999
2 27875  10.7419  46.8250 0001987 188.1555 357.3206  1.00279051 34150
GALAXY 13 (HORIZONS-1)
1 27954U 03044A   26283.70407318  .00000127  00000+0  00000+0 0  9997
2 27954   1.7111  82.1968 0002547 143.2513 257.3643  1.00274482 47730
YAMAL 202
1 28089U 03053A   26283.76612679 -.00000083  00000+0  00000+0 0  9993
2 28089   6.6272  69.4834 0005194 139.8300 249.4450  1.00272058 83867
UFO 11 (USA 174)
1 28117U 03057A   26283.89121823 -.00000106  00000+0  00000+0 0  9995
2 28117   9.0694  33.2059 0004149 176.9871 205.5033  1.00271373 83618
USA 176 (DSP 22)
1 28158U 04004A   26283.48497885 -.00000161  00000+0  00000+0 0  9993
2 28158  12.2156  25.2032 0004259 287.1801  64.7269  0.99003371 34085
ABS-4 (MOBISAT-1)
1 28184U 04007A   26283.88844488  .00000036  00000+0  00000+0 0  9994
2 28184   6.3279  70.5468 0005401 135.4134 194.4081  1.00273886 53496
INTELSAT 10-02
1 28358U 04022A   26283.87613816 -.00000017  00000+0  00000+0 0  9992
2 28358   0.0201 221.6156 0000187  86.3667  25.9268  1.00273283 81711
ANIK F2
1 28378U 04027A   26283.92562506 -.00000054  00000+0  00000+0 0  9995
2 28378   3.5790  77.9123 0003008 106.6925  57.0612  1.00271551 42428
AMC-15
1 28446U 04041A   26283.92683839 -.00000095  00000+0  00000+0 0  9995
2 28446   0.0564  55.1976 0001923 155.0960  37.8546  1.00272252 80467
NSS-10
1 28526U 05003A   26283.79758693 -.00000254  00000+0  00000+0 0  9996
2 28526   6.7333  69.0024 0003327 132.9537  67.1435  1.00272310 54318
INMARSAT 4-F1
1 28628U 05009A   26283.62650617  .00000028  00000+0  00000+0 0  9992
2 28628   5.3301  42.8186 0003028 167.4404 212.6394  1.00271835 78838
DIRECTV 8
1 28659U 05019A   26283.92380505 -.00000005  00000+0  00000+0 0  9992
2 28659   0.0178 202.4592 0002785 359.4982  31.1042  1.00271964 78235
GALAXY 28 (G-28)
1 28702U 05022A   26283.87093814 -.00000204  00000+0  00000+0 0  9994
2 28702   3.5901  77.4208 0001778 133.2523  95.2683  1.00271246 53137
THAICOM 4
1 28786U 05028A   26283.89997161 -.00000368  00000+0  00000+0 0  9993
2 28786   0.5385  84.0997 0000306 187.1648 191.7535  1.00272785 53411
ANIK F1R
1 28868U 05036A   26283.92640506 -.00000078  00000+0  00000+0 0  9993
2 28868   4.6040  75.0765 0002032  76.1508  94.5186  1.00272135 47614
SYRACUSE 3A
1 28885U 05041B   26254.51939881  .00000114  00000+0  00000+0 0  9998
2 28885   4.8548  74.7263 0002457 106.5771  42.9291  1.00275934 76614
INMARSAT 4-F2
1 28899U 05044A   26283.76214010 -.00000264  00000+0  00000+0 0  9992
2 28899   5.2461  43.7235 0002679 168.4648 225.0681  1.00271746 76680
METEOSAT-9 (MSG-2)
1 28912U 05049B   26282.95880824  .00000119  00000+0  00000+0 0  9993
2 28912   9.6185  53.0048 0001655   0.8975 355.5428  1.00274039  8140
EUTELSAT 174A
1 28924U 05052A   26283.69696648  .00000006  00000+0  00000+0 0  9996
2 28924   4.5063  75.0324 0005996 124.5063 244.6838  1.00273287 53492
ECHOSTAR 10
1 28935U 06003A   26283.92579839 -.00000061  00000+0  00000+0 0  9995
2 28935   0.0559  49.8043 0001324 130.0903  62.7320  1.00272575 75621
SPAINSAT
1 28945U 06007A   26283.03201011 -.00000225  00000+0  00000+0 0  9998
2 28945   0.8543  84.4423 0005008 121.6761 153.8759  1.00273281 75376
JCSAT-5A
1 29045U 06010A   26283.90248495 -.00000332  00000+0  00000+0 0  9996
2 29045   1.4011  82.6301 0001178  64.9826 328.8803  1.00272456 74933
ASTRA 1KR
1 29055U 06012A   26283.88012484  .00000114  00000+0  00000+0 0  9990
2 29055   0.7668  82.3794 0003533 121.3050 151.6547  1.00273574 46850
GALAXY 16 (G-16)
1 29236U 06023A   26283.92796506 -.00000133  00000+0  00000+0 0  9994
2 29236   0.0133 172.5673 0002667  30.1707  51.8774  1.00272262 74130
EUTELSAT 33F
1 29270U 06032A   26283.97810870  .00000151  00000+0  00000+0 0  9997
2 29270   1.9549  80.7645 0003272 118.9897 205.0721  1.00274719 48467
JCSAT-3A
1 29272U 06033A   26283.97296161  .00000000  00000+0  00000+0 0  9994
2 29272   0.0127 220.2352 0002317 340.7851 296.8133  1.00269354 48904
KOREASAT 5 (MUGUNGWHA 5)
1 29349U 06034A   26283.89867160 -.00000362  00000+0  00000+0 0  9996
2 29349   2.0769  81.3412 0001958 173.0048 201.7593  1.00272726 42480
DIRECTV 9S
1 29494U 06043A   26283.89650492 -.00000104  00000+0  00000+0 0  9999
2 29494   2.7156  79.3809 0008312 195.5436 169.3976  0.99093142 52548
OPTUS D1
1 29495U 06043B   26283.90638497 -.00000187  00000+0  00000+0 0  9994
2 29495   3.3269  78.1277 0003542 116.3193 303.3823  1.00272244 73288
BADR-4
1 29526U 06051A   26283.97810870  .00000151  00000+0  00000+0 0  9992
2 29526   2.2977  79.6881 0004764 116.4960 210.0408  1.00269753 52421
WILDBLUE-1
1 29643U 06054A   26283.93508810 -.00000175  00000+0  00000+0 0  9996
2 29643   3.0973  78.9525 0004704 110.1506 103.8134  0.99175839 54946
SKYNET 5A
1 30794U 07007B   26283.89520492 -.00000274  00000+0  00000+0 0  9999
2 30794   5.5891  72.2723 0003629 135.2539 229.4722  1.00273682 71863
ANIK F3
1 31102U 07009A   26283.71022655 -.00000007  00000+0  00000+0 0  9998
2 31102   1.4906  82.2577 0002542 113.9599 320.0940  1.00272336 47722
ASTRA 1L
1 31306U 07016A   26283.94280147 -.00000189  00000+0  00000+0 0  9990
2 31306   1.6145  80.3674 0004713 120.2783 133.8197  1.00271318 46148
GALAXY 17 (G-17)
1 31307U 07016B   26283.85946721 -.00000210  00000+0  00000+0 0  9993
2 31307   3.2583  78.3544 0004534 153.1712  12.3763  1.00271451 70969
INTELSAT 11 (IS-11)
1 32253U 07044B   26283.87171814 -.00000240  00000+0  00000+0 0  9993
2 32253   3.8608  77.1738 0008302 142.0093  90.9214  0.99051937 69594
WGS F1 (USA 195)
1 32258U 07046A   26283.93916146 -.00000273  00000+0  00000+0 0  9998
2 32258   0.0537  84.3460 0000268 129.2381 101.5578  1.00271919 53492
SKYNET 5B
1 32294U 07056B   26283.81545315  .00000137  00000+0  00000+0 0  9990
2 32294   5.5387  72.0577 0003881 128.3873 137.6599  1.00270566 69350
ASTRA 4A
1 32299U 07057A   26283.94852149  .00000027  00000+0  00000+0 0  9994
2 32299   0.0595  62.9332 0002644 148.9299 153.9777  1.00273003 52809
HORIZONS-2
1 32388U 07063B   26283.93300810 -.00000258  00000+0  00000+0 0  9999
2 32388   2.8945  79.0980 0001983 140.6824  61.8808  1.00272624 68978
THURAYA-3
1 32404U 08001A   26283.86636808  .00000005  00000+0  00000+0 0  9991
2 32404   6.1855  35.8352 0002936 202.2064 157.0258  1.00272479 68646
THOR 5
1 32487U 08006A   26283.94748149 -.00000015  00000+0  00000+0 0  9990
2 32487   0.0219 237.2481 0002378 332.5153 150.1466  1.00272695 68477
AMC-14
1 32708U 08011A   26283.56253437 -.00000342  00000+0  00000+0 0  9994
2 32708  24.1415  19.1246 0034777 358.9751 330.9577  1.00427038 69327
DIRECTV 11
1 32729U 08013A   26283.85669387 -.00000132  00000+0  00000+0 0  9993
2 32729   0.0444  42.4353 0000080 114.7420  71.5232  1.00271545 46752
ICO G1
1 32763U 08016A   26283.85790721 -.00000176  00000+0  00000+0 0  9999
2 32763   5.5458  35.7650 0002556 141.8811  57.8373  1.00272566 67700
VINASAT-1
1 32767U 08018A   26283.90248495 -.00000334  00000+0  00000+0 0  9993
2 32767   0.0430  47.9670 0001792 168.5740 259.8248  1.00272791 67759
STAR ONE C2
1 32768U 08018B   26283.36451167 -.00000283  00000+0  00000+0 0  9999
2 32768   1.5287  81.1171 0002496 128.5621 235.5581  1.00272518 67813
AMOS-3
1 32794U 08022A   26283.89173823 -.00000122  00000+0  00000+0 0  9993
2 32794   0.7476  84.2577 0001361  79.5987 254.6785  1.00271222 83498
GALAXY 18 (G-18)
1 32951U 08024A   26283.92328505  .00000019  00000+0  00000+0 0  9997
2 32951   0.0182 170.1561 0002888  33.0644  25.7026  1.00273044 47015
ZHONGXING-9
1 33051U 08028A   26283.96585491 -.00000254  00000+0  00000+0 0  9998
2 33051   1.0579  83.5791 0008511 150.8374 225.2504  1.00273521 67208
SKYNET 5C
1 33055U 08030A   26283.80148696 -.00000143  00000+0  00000+0 0  9997
2 33055   4.0798  75.5817 0003396 122.0016  92.5813  1.00270684 67113
TURKSAT 3A
1 33056U 08030B   26283.83377920  .00000140  00000+0  00000+0 0  9991
2 33056   0.0738  76.1841 0003719 111.0341 174.3774  1.00273146 53516
ECHOSTAR 11
1 33207U 08035A   26283.92588506 -.00000063  00000+0  00000+0 0  9993
2 33207   1.2983  82.5909 0002357 104.4745  56.0112  1.00271263 52379
SUPERBIRD-C2
1 33274U 08038A   26283.68942645 -.00000311  00000+0  00000+0 0  9997
2 33274   2.6531  79.7119 0004957  84.8990 238.8975  1.00269857106888
INMARSAT 4-F3
1 33278U 08039A   26283.92822507 -.00000145  00000+0  00000+0 0  9998
2 33278   4.4052  31.8182 0003134 183.0641  40.8324  1.00271123 47703
NIMIQ 4
1 33373U 08044A   26283.93136142 -.00000226  00000+0  00000+0 0  9994
2 33373   0.0840  82.9816 0002136 108.3416  81.5303  1.00271052 66147
GALAXY 19 (G-19)
1 33376U 08045A   26283.92839840 -.00000145  00000+0  00000+0 0  9992
2 33376   0.0134 229.1782 0002426 323.7421  63.8544  1.00273174 66062
ASTRA 1M
1 33436U 08057A   26283.88012484  .00000115  00000+0  00000+0 0  9990
2 33436   0.5892  82.3653 0003482 112.5194 160.8522  1.00271001 46895
EUTELSAT HOTBIRD 13C
1 33459U 08065A   26283.93760145 -.00000286  00000+0  00000+0 0  9994
2 33459   3.2426  77.7191 0003753 126.5532 102.5383  1.00272174 48500
EXPRESS-AM44
1 33595U 09007A   26283.80287362 -.00000093  00000+0  00000+0 0  9999
2 33595   3.7548  76.8971 0003454 126.4517  94.1209  1.00271839 53446
NSS-9
1 33749U 09008A   26283.77002682  .00000067  00000+0  00000+0 0  9997
2 33749   1.5541  81.2663 0002018 106.3681 292.0296  1.00272573 64687
TELSTAR 11N
1 34111U 09009A   26282.94234150 -.00000260  00000+0  00000+0 0  9993
2 34111   0.0528  77.7000 0002558 122.9122 119.6533  1.00272822 47392
WGS F2 (USA 204)
1 34713U 09017A   26283.88775154  .00000000  00000+0  00000+0 0  9999
2 34713   0.0164 219.0719 0000256 250.5749 286.9383  1.00270155 46779
SES-7 (PROTOSTAR 2)
1 34941U 09027A   26283.89771826 -.00000351  00000+0  00000+0 0  9996
2 34941   0.0490  56.0454 0002062 178.1316 216.7693  1.00271985 63788
MEASAT-3A
1 35362U 09032A   26283.90803164 -.00000116  00000+0  00000+0 0  9992
2 35362   0.0420  36.6112 0002812 161.2756 308.5600  1.00271956  9199
EWS-G3 (GOES 14)
1 35491U 09033A   26283.85711434  .00000045  00000+0  00000+0 0  9998
2 35491   1.9829  81.3990 0002106 115.5701 195.3560  1.00071944  7745
FM-5
1 35493U 09034A   26283.85929388 -.00000207  00000+0  00000+0 0  9991
2 35493   0.0190 255.2488 0000405 192.2175 155.2190  1.00273142 47808
TERRESTAR-1
1 35496U 09035A   26283.92562506 -.00000060  00000+0  00000+0 0  9995
2 35496   5.2593  48.6254 0001582 134.1794  58.9611  1.00272892 63298
ASIASAT 5
1 35696U 09042A   26283.96750159 -.00000313  00000+0  00000+0 0  9993
2 35696   0.0283 251.4420 0001699 293.6412 283.3049  1.00274151 62888
JCSAT-12 (JCSAT-RA)
1 35755U 09044A   26283.90248495  .00000000  00000+0  00000+0 0  9992
2 35755   0.0155 227.2744 0001706   2.5126 246.6566  1.00271093 62776
OPTUS D3
1 35756U 09044B   26283.90716498 -.00000152  00000+0  00000+0 0  9995
2 35756   0.7517 267.7239 0004198 292.7295 301.7984  1.00271407 62723
NIMIQ 5
1 35873U 09050A   26283.93318144 -.00000263  00000+0  00000+0 0  9994
2 35873   0.0566  77.6332 0002612 113.9785  91.1875  1.00272481 62507
AMAZONAS 2
1 35942U 09054A   26283.93335477 -.00000264  00000+0  00000+0 0  9994
2 35942   2.1086  81.4115 0003231 112.5227  89.6367  1.00273560 62349
COMSATBW-1
1 35943U 09054B   26283.74628003  .00000018  00000+0  00000+0 0  9990
2 35943   0.0285 133.7605 0003227  77.2740 139.9817  1.00271576 62462
NSS-12
1 36032U 09058A   26283.88757821  .00000066  00000+0  00000+0 0  9993
2 36032   0.0818  76.2514 0002377  85.2161 234.5659  1.00270705 62071
THOR 6
1 36033U 09058B   26283.94739481 -.00000015  00000+0  00000+0 0  9998
2 36033   0.0343 103.2744 0001695  96.4045 160.1062  1.00272253 62160
INTELSAT 14 (IS-14)
1 36097U 09064A   26283.79611360 -.00000280  00000+0  00000+0 0  9997
2 36097   0.2075  83.6324 0002469 125.1517  52.2345  1.00272578 61763
EUTELSAT 36B
1 36101U 09065A   26283.88636487  .00000107  00000+0  00000+0 0  9998
2 36101   0.7781  80.9715 0005863 115.3218 192.8015  1.00270096 61861
INTELSAT 15 (IS-15)
1 36106U 09067A   26283.89321157 -.00000191  00000+0  00000+0 0  9995
2 36106   0.0472  62.8649 0002746 157.8408 205.5099  1.00271740 42387
WGS F3 (USA 211)
1 36108U 09068A   26283.92337171  .00000015  00000+0  00000+0 0  9999
2 36108   0.2996  84.4053 0000133  96.1420  49.1133  1.00271432 47753
DIRECTV 12
1 36131U 09075A   26283.92727172 -.00000110  00000+0  00000+0 0  9994
2 36131   0.0243  70.9011 0000237  92.8471  86.8929  1.00272754 47715
BEIDOU-2 G1
1 36287U 10001A   26283.83286043 -.00000283  00000+0  00000+0 0  9995
2 36287   4.5626  59.9101 0002858 247.2795 152.5662  1.00270324 61334
SDO
1 36395U 10005A   26277.11916721 -.00000067  00000+0  00000+0 0  9996
2 36395  34.8784  84.6864 0001797  82.1576 147.3231  1.00273214 61155
INTELSAT 16 (IS-16)
1 36397U 10006A   26283.88549819  .00000000  00000+0  00000+0 0  9996
2 36397   0.0133 227.8838 0002363   3.5978 153.0902  1.01417226 60810
EWS-G2 (GOES 15)
1 36411U 10008A   26283.85739211  .00000016  00000+0  00000+0 0  9996
2 36411   1.5906  81.7153 0004640  92.5507 217.2149  1.00273682 60792
ECHOSTAR 14
1 36499U 10010A   26283.92380505 -.00000006  00000+0  00000+0 0  9991
2 36499   0.0527  72.7025 0002187  98.6716  61.8330  1.00271627 47711
SES-1
1 36516U 10016A   26283.00101509 -.00000124  00000+0  00000+0 0  9992
2 36516   0.0360 279.2586 0002509 282.8369  75.9025  1.00272699 60184
ASTRA 3B
1 36581U 10021A   26283.88099152  .00000132  00000+0  00000+0 0  9994
2 36581   1.7609  81.9349 0002827  86.7460 191.4440  1.00270788 60026
COMSATBW-2
1 36582U 10021B   26283.87891150  .00000082  00000+0  00000+0 0  9996
2 36582   0.0163 174.7284 0002775  39.6516 134.7560  1.00268835 60117
BEIDOU-2 G3
1 36590U 10024A   26283.96334156 -.00000138  00000+0  00000+0 0  9999
2 36590   4.7872  60.8918 0003945 349.5212  35.5919  1.00270737 59937
BADR-5
1 36592U 10025A   26283.95363485  .00000148  00000+0  00000+0 0  9998
2 36592   0.0704 107.6794 0008413 116.4344 169.2591  1.00273341 54374
ARABSAT-5A
1 36745U 10032B   26283.95380404  .00000148  00000+0  00000+0 0  9996
2 36745   0.3298  77.9997 0003421 115.2508 200.1930  1.00269457 59800
ECHOSTAR 15
1 36792U 10034A   26283.42126954 -.00000008  00000+0  00000+0 0  9996
2 36792   0.0533  63.4029 0002175 104.1490 244.3723  1.00273693 59479
BEIDOU-2 IGSO-1
1 36828U 10036A   26256.66970756 -.00000130  00000+0  00000+0 0  9997
2 36828  54.3037 162.1610 0058541 217.4777 320.7749  1.00289463 58981
NILESAT 201
1 36830U 10037A   26283.85114184 -.00000064  00000+0  00000+0 0  9993
2 36830   0.0153 181.5353 0005469  11.3495 125.9995  1.00271279 59535
RASCOM-QAF 1R
1 36831U 10037B   26283.94817483  .00000013  00000+0  00000+0 0  9999
2 36831   0.0101 220.7412 0005515 346.6808 156.3771  1.00271535 59462
AEHF-1 (USA 214)
1 36868U 10039A   26283.59712604  .00000145  00000+0  00000+0 0  9997
2 36868   8.5095  66.5367 0003812 130.8821  66.7744  1.00276928 54817
XM-5
1 37185U 10053A   26283.06949707 -.00000032  00000+0  00000+0 0  9990
2 37185   0.0646 269.1565 0000440 187.4875 191.8816  1.00272955 58631
BSAT-3B
1 37207U 10056B   26283.61298610 -.00000357  00000+0  00000+0 0  9999
2 37207   0.0196 154.2286 0004430  63.3882 132.1294  1.00272110 53257
BEIDOU-2 G4
1 37210U 10057A   26283.83667377 -.00000115  00000+0  00000+0 0  9990
2 37210   3.9300  68.1123 0009031 183.7166 228.8496  1.00272688 58451
SKYTERRA 1
1 37218U 10061A   26283.92753172 -.00000122  00000+0  00000+0 0  9990
2 37218   5.3707  50.5643 0002636 133.2167  68.3579  1.00273159 58355
HYLAS 1
1 37237U 10065A   26283.83190708 -.00000310  00000+0  00000+0 0  9994
2 37237   5.9306  71.5414 0001184 111.2286 271.9289  1.00271995  8059
INTELSAT 17 (IS-17)
1 37238U 10065B   26283.88939822 -.00000007  00000+0  00000+0 0  9991
2 37238   0.0103 128.2501 0002501  76.4017 201.0437  1.00270259 54407
BEIDOU-2 IGSO-2
1 37256U 10068A   26282.87983623 -.00000207  00000+0  00000+0 0  9992
2 37256  47.3537 270.3952 0059923 215.3763 313.3150  1.00302945 57942
EUTELSAT KA-SAT 9A
1 37258U 10069A   26283.09402384  .00000053  00000+0  00000+0 0  9998
2 37258   0.0797 352.3015 0005211 177.6527 251.6458  1.00271930 45152
HISPASAT 30W-5
1 37264U 10070A   26283.94167479 -.00000222  00000+0  00000+0 0  9993
2 37264   0.0607  97.6716 0005221  89.0617 141.8279  1.00271212 54348
KOREASAT 6
1 37265U 10070B   26283.90794498 -.00000117  00000+0  00000+0 0  9990
2 37265   0.0400  78.0472 0002615 146.1342 282.0810  1.00272142 57936
BEIDOU-2 IGSO-3
1 37384U 11013A   26283.75503340 -.00000199  00000+0  00000+0 0  9997
2 37384  62.5767  39.0728 0035189 185.7535 173.5596  1.00285730 56811
INTELSAT 28 (IS-28)
1 37392U 11016A   26283.87007147 -.00000229  00000+0  00000+0 0  9990
2 37392   2.0989  81.0474 0003418 122.2937  97.6717  1.00272617 54440
YAHSAT 1A
1 37393U 11016B   26283.88671154  .00000095  00000+0  00000+0 0  9997
2 37393   0.0113 219.8546 0001631 342.9231 188.4617  1.00272073 43567
SBIRS GEO-1 (USA 230)
1 37481U 11019A   26283.83016699  .00000096  00000+0  00000+0 0  9991
2 37481   4.7896  52.9451 0001828 153.6628 163.5129  1.00272370 56555
GSAT-8
1 37605U 11022A   26283.88723154  .00000080  00000+0  00000+0 0  9992
2 37605   2.4239  80.2738 0007221 164.6854 149.0493  1.00273676 54378
ST-2
1 37606U 11022B   26283.85388666 -.00000218  00000+0  00000+0 0  9999
2 37606   0.0269 107.6887 0002043 122.6710 184.5379  1.00272347 56437
ZHONGXING-10
1 37677U 11026A   26283.94349480 -.00000240  00000+0  00000+0 0  9997
2 37677   1.2657  50.9911 0005735 201.8122  85.7055  0.99026386 56143
SES-3
1 37748U 11035A   26283.92718506 -.00000107  00000+0  00000+0 0  9995
2 37748   1.6198  81.5867 0002667 138.7539  29.9927  1.00271998 55755
KAZSAT-2
1 37749U 11035B   26283.89347157 -.00000204  00000+0  00000+0 0  9990
2 37749   0.0409 313.2311 0001355 295.4546 178.9833  1.00270623 54557
BEIDOU-2 IGSO-4
1 37763U 11038A   26282.68784282 -.00000053  00000+0  00000+0 0  9991
2 37763  54.6016 164.6535 0160632 230.7434 324.0498  1.00262654 55793
ASTRA 1N
1 37775U 11041A   26283.88012484  .00000114  00000+0  00000+0 0  9996
2 37775   0.1181  51.6666 0003639 123.0547 180.8255  1.00273335 45681
BSAT-3C (JCSAT-110R)
1 37776U 11041B   26283.89806493 -.00000357  00000+0  00000+0 0  9999
2 37776   0.0619  55.5552 0000145 288.0864 109.1302  1.00273274 51638
SES-2
1 37809U 11049A   26283.85912054 -.00000202  00000+0  00000+0 0  9990
2 37809   0.3498  86.3802 0002798 112.8488  42.5314  1.00272092 55123
ARABSAT-5C
1 37810U 11049B   26283.88029817  .00000118  00000+0  00000+0 0  9996
2 37810   0.0625  22.2794 0004024 184.5602 149.5830  1.00273940 55192
EUTELSAT 7 WEST A
1 37816U 11051A   26283.85114184 -.00000066  00000+0  00000+0 0  9997
2 37816   0.0670   3.8623 0006382 187.4074 127.2941  1.00272010 55034
QUETZSAT 1
1 37826U 11054A   26283.93240142 -.00000248  00000+0  00000+0 0  9996
2 37826   0.0548  60.6462 0002778 147.5290  70.0458  1.00272049 51039
INTELSAT 18 (IS-18)
1 37834U 11056A   26283.46780972  .00000046  00000+0  00000+0 0  9990
2 37834   0.0160 250.7223 0002247 325.6709 151.1069  1.00273864 54960
EUTELSAT 16A
1 37836U 11057A   26283.94765483 -.00000052  00000+0  00000+0 0  9994
2 37836   0.1567  71.3952 0005654 126.5586 163.1106  1.00024469  8493
VIASAT-1
1 37843U 11059A   26283.06949707  .00000000  00000+0  00000+0 0  9992
2 37843   0.0232 215.2416 0002216 336.8604  96.4927  1.00271532 48477
ASIASAT 7
1 37933U 11069A   26283.82592706 -.00000340  00000+0  00000+0 0  9998
2 37933   0.0706  78.1477 0001383  95.7570 248.3806  1.00270370 46014
BEIDOU-2 IGSO-5
1 37948U 11073A   26282.87708351 -.00000201  00000+0  00000+0 0  9994
2 37948  47.4766 270.1103 0116036 224.6121 295.3979  1.00272196 54287
LUCH-5A
1 37951U 11074B   26283.69557981 -.00000049  00000+0  00000+0 0  9991
2 37951   9.0417  72.0880 0004389 142.9360 221.8529  1.00275620 54216
NIGCOMSAT 1R
1 38014U 11077A   26283.88471819  .00000139  00000+0  00000+0 0  9990
2 38014   0.0249 142.2700 0003231 183.0363  55.1987  1.00274539 54119
WGS F4 (USA 233)
1 38070U 12003A   26283.39493181 -.00000222  00000+0  00000+0 0  9998
2 38070   0.0157 183.0291 0001247 241.3006 185.2621  1.00271503 45303
SES-4
1 38087U 12007A   26283.37300505 -.00000176  00000+0  00000+0 0  9993
2 38087   0.0180  45.5683 0002523 156.4309 289.2921  1.00271926 53388
BEIDOU-2 G5
1 38091U 12008A   26283.88801154  .00000052  00000+0  00000+0 0  9993
2 38091   3.8578  68.8448 0007954 234.7220  94.4010  1.00276303 53522
MUOS-1
1 38093U 12009A   26283.92770506 -.00000131  00000+0  00000+0 0  9996
2 38093   5.7114  46.9313 0051229   2.5933 204.0252  1.00273159 53607
INTELSAT 22 (IS-22)
1 38098U 12011A   26283.89061156 -.00000065  00000+0  00000+0 0  9990
2 38098   0.0163 135.8576 0001631  65.4285 210.9410  1.00271458  8346
APSTAR-7
1 38107U 12013A   26283.96273490 -.00000107  00000+0  00000+0 0  9994
2 38107   0.0155 144.1001 0002672  61.9916 236.5665  1.00272087 52975
YAHSAT 1B
1 38245U 12016A   26283.52935241  .00000119  00000+0  00000+0 0  9993
2 38245   0.1055  85.6830 0001300 144.9319  26.7184  1.00272940 46766
AEHF-2 (USA 235)
1 38254U 12019A   26283.73050664 -.00000138  00000+0  00000+0 0  9998
2 38254   6.9140  56.5628 0003055 162.5379  46.7138  1.00273723  8149
JCSAT-13
1 38331U 12023A   26283.90083828 -.00000362  00000+0  00000+0 0  9995
2 38331   0.0376  77.3836 0002346 123.9429 266.4948  1.00270102 52712
VINASAT-2
1 38332U 12023B   26283.90239829 -.00000334  00000+0  00000+0 0  9999
2 38332   0.0193  25.2606 0002008 165.5501 285.4187  1.00273086 47821
NIMIQ 6
1 38342U 12026A   26283.92952507 -.00000180  00000+0  00000+0 0  9999
2 38342   0.0560  68.2084 0002841 131.4701  63.4013  1.00272086 51585
ZHONGXING-2A
1 38352U 12028A   26283.96706825 -.00000297  00000+0  00000+0 0  9995
2 38352   1.7478  82.2124 0002212 188.2767 195.4910  1.00271819 52460
INTELSAT 19 (IS-19)
1 38356U 12030A   26283.83788712  .00000000  00000+0  00000+0 0  9994
2 38356   0.0125 206.5273 0002943 355.6744 284.8783  1.00271694 51615
ECHOSTAR 17
1 38551U 12035A   26283.42585764 -.00000083  00000+0  00000+0 0  9995
2 38551   0.0208 159.0278 0001892  32.7795 233.4546  1.00271442 52217
METEOSAT-10 (MSG-3)
1 38552U 12035B   26283.73379999 -.00000008  00000+0  00000+0 0  9998
2 38552   4.9419  60.3657 0000755 136.8097  86.5477  1.00275944 52017
SES-5
1 38652U 12036A   26283.66351301  .00000027  00000+0  00000+0 0  9999
2 38652   0.0549  20.7463 0002029 170.7720  71.6045  1.00272661 45617
INTELSAT 20 (IS-20)
1 38740U 12043A   26283.88991822 -.00000031  00000+0  00000+0 0  9993
2 38740   0.0231 131.0179 0001722  48.8284 228.5417  1.00271876 51904
HYLAS 2
1 38741U 12043B   26283.94808816  .00000053  00000+0  00000+0 0  9994
2 38741   2.7187  79.5157 0004886 169.8173 114.0580  1.00523556 51939
INTELSAT 21 (IS-21)
1 38749U 12045A   26283.93612811 -.00000291  00000+0  00000+0 0  9996
2 38749   0.0171 167.8066 0001983  32.3756  98.3894  1.00271555 51680
ASTRA 2F
1 38778U 12051A   26283.95320152  .00000144  00000+0  00000+0 0  9997
2 38778   0.0430 250.3758 0004108 322.8881 177.6411  1.00272965 42293
GSAT-10
1 38779U 12051B   26283.89277823 -.00000171  00000+0  00000+0 0  9998
2 38779   0.0818 265.6071 0004623 220.5535 297.7754  1.00272818 51261
INTELSAT 23 (IS-23)
1 38867U 12057A   26283.01056348 -.00000294  00000+0  00000+0 0  9999
2 38867   0.0131 256.5771 0001918 356.9591  75.9127  1.00274182 51102
BEIDOU-2 G6
1 38953U 12059A   26283.96420824 -.00000179  00000+0  00000+0 0  9997
2 38953   4.7100  72.1999 0006697 316.7257  61.8326  1.00272339 51074
LUCH-5B
1 38977U 12061A   26283.65926632 -.00000141  00000+0  00000+0 0  9999
2 38977  10.7303  48.7093 0006513 176.7115  14.8558  1.00271080 50762
YAMAL 300K
1 38978U 12061B   26283.84126713  .00000065  00000+0  00000+0 0  9997
2 38978   0.0124 202.3708 0000504 271.3170  31.5847  1.00269674 50790
STAR ONE C3
1 38991U 12062A   26283.93274810 -.00000255  00000+0  00000+0 0  9997
2 38991   0.0520  70.9585 0002109 139.5056  69.8946  1.00272901 50924
EUTELSAT 21B
1 38992U 12062B   26283.88055817  .00000124  00000+0  00000+0 0  9990
2 38992   0.0714 350.4110 0002976 201.8646 165.8311  1.00269823 50988
ECHOSTAR 16
1 39008U 12065A   26283.04883443 -.00000291  00000+0  00000+0 0  9990
2 39008   0.0185 196.6495 0001955 354.0548 144.0571  1.00272200 50792
ZHONGXING-12
1 39017U 12067A   26283.96490157 -.00000213  00000+0  00000+0 0  9993
2 39017   0.0332 115.1398 0002686  84.3096 254.9982  1.00271366 50662
EUTELSAT 70B
1 39020U 12069A   26283.89026488 -.00000050  00000+0  00000+0 0  9992
2 39020   0.0684  12.0474 0003833 187.6746 210.7841  1.00271971 50666
YAMAL 402
1 39022U 12070A   26283.96560962  .00000081  00000+0  00000+0 0  9997
2 39022   1.5565  82.5002 0003484 115.9193 223.6832  1.00272064 50558
SKYNET 5D
1 39034U 12075A   26283.82822685  .00000093  00000+0  00000+0 0  9996
2 39034   0.0751   0.8271 0004040 206.1808 163.3531  1.00272951 50313
MEXSAT 3
1 39035U 12075B   26283.42261101  .00000000  00000+0  00000+0 0  9991
2 39035   0.0213 207.6265 0001213 341.5019 227.2536  1.00264274  8209
TDRS 11
1 39070U 13004A   26283.96518053  .00000076  00000+0  00000+0 0  9996
2 39070   3.6996  32.9291 0002286  31.9385 127.9144  1.00277520 47853
AMAZONAS 3
1 39078U 13006A   26283.93552144 -.00000288  00000+0  00000+0 0  9998
2 39078   0.0166 184.3041 0005189  20.3302  90.7219  1.00271701 46081
AZERSPACE 1
1 39079U 13006B   26283.88541153  .00000127  00000+0  00000+0 0  9992
2 39079   0.0418  66.0700 0001761 158.8408 159.3221  1.00272398 49964
SBIRS GEO-2 (USA 241)
1 39120U 13011A   26283.92839840 -.00000149  00000+0  00000+0 0  9998
2 39120   4.7385  52.4143 0002563 152.6790  51.8833  1.00271613 49696
EUTELSAT 117 WEST A
1 39122U 13012A   26283.92449838 -.00000019  00000+0  00000+0 0  9991
2 39122   0.0570  57.9057 0002780 141.1555  36.4946  1.00272449 49591
ANIK G1
1 39127U 13014A   26283.92631839 -.00000080  00000+0  00000+0 0  9990
2 39127   0.0585  77.9719 0003111 132.8345  34.9140  1.00272324 49414
ZHONGXING-11
1 39157U 13020A   26283.96698159  .00000000  00000+0  00000+0 0  9993
2 39157   0.0166 246.3117 0000544 241.6221 337.6230  1.00272966 49061
EUTELSAT 7B
1 39163U 13022A   26283.84489138  .00000098  00000+0  00000+0 0  9991
2 39163   0.0714 356.6919 0002536 118.2702 224.6477  1.00271065 49100
WGS F5 (USA 243)
1 39168U 13024A   26283.79464025  .00000000  00000+0  00000+0 0  9993
2 39168   0.0189 217.5818 0000372 294.7951 100.5873  1.00268840 48340
SES-6
1 39172U 13026A   26283.93959479  .00000000  00000+0  00000+0 0  9998
2 39172   0.0173  79.5048 0001881 117.8193 119.9653  1.00268090 48884
IRNSS-1A
1 39199U 13034A   26274.47906318  .00000078  00000+0  00000+0 0  9994
2 39199  35.9547  62.3509 0021243 181.2766 354.2097  1.00269027 48430
MUOS-2
1 39206U 13036A   26283.69644648 -.00000017  00000+0  00000+0 0  9998
2 39206   5.2253  45.5457 0058241 179.0310 217.4777  1.00269739 48352
ALPHASAT
1 39215U 13038A   26283.52458572  .00000128  00000+0  00000+0 0  9993
2 39215   3.0057   0.6000 0003586 208.6895  23.5635  1.00271814 45178
INSAT-3D
1 39216U 13038B   26283.90196494 -.00000343  00000+0  00000+0 0  9998
2 39216   2.2188  80.9451 0001753 132.9409 259.8472  1.00270024 48246
WGS F6 (USA 244)
1 39222U 13041A   26283.56445256  .00000082  00000+0  00000+0 0  9993
2 39222   0.0181 203.9293 0000108 184.5905  58.6568  1.00271828 47210
ES'HAIL 1
1 39233U 13044A   26283.88133818  .00000137  00000+0  00000+0 0  9992
2 39233   0.0565  11.2275 0002188 180.8970 170.1388  1.00270154 47782
GSAT-7
1 39234U 13044B   26283.89095823 -.00000083  00000+0  00000+0 0  9998
2 39234   0.3730  85.9633 0006152 170.3605 157.9349  1.00271817 46416
AMOS-4
1 39237U 13045A   26283.88922488  .00000001  00000+0  00000+0 0  9996
2 39237   0.0392  98.9854 0001188 116.2694 189.3997  1.00273035 48111
AEHF-3 (USA 246)
1 39256U 13050A   26283.41903494  .00000024  00000+0  00000+0 0  9993
2 39256   5.5737  66.0587 0093090 189.3173 150.3543  1.00275557 46800
ASTRA 2E
1 39285U 13056A   26283.95320152  .00000144  00000+0  00000+0 0  9997
2 39285   0.0749 316.9264 0002161 247.1888 187.1038  1.00272574 47577
FM-6
1 39360U 13058A   26283.42192796 -.00000023  00000+0  00000+0 0  9993
2 39360   0.0211 252.9935 0000323  39.9360 121.6514  1.00271908 47223
RADUGA-1M 3
1 39375U 13062A   26283.59807937  .00000150  00000+0  00000+0 0  9992
2 39375   6.2508  70.8715 0001987 311.6596 246.9313  1.00271312 47268
SES-8
1 39460U 13071A   26283.89511824 -.00000276  00000+0  00000+0 0  9997
2 39460   0.0332 287.0525 0001589 237.2107 272.5059  1.00272508 45583
INMARSAT 5-F1
1 39476U 13073A   26283.03344359  .00000000  00000+0  00000+0 0  9993
2 39476   0.0180 200.3541 0000108 228.6007  24.3308  1.00264980 46728
TKSAT-1 (TUPAC KATARI)
1 39481U 13075A   26283.85903388 -.00000201  00000+0  00000+0 0  9998
2 39481   0.0165 277.3018 0001613 281.2136  43.0059  1.00270529 46761
EXPRESS-AM5
1 39487U 13077A   26283.61896613 -.00000287  00000+0  00000+0 0  9996
2 39487   0.0212 246.1181 0002679 238.7798 257.2059  1.00272043 47515
GSAT-14
1 39498U 14001A   26283.89095823 -.00000083  00000+0  00000+0 0  9994
2 39498   0.0542  78.8534 0006118 151.8477 183.5645  1.00271996 46535
THAICOM 6
1 39500U 14002A   26283.89191156 -.00000128  00000+0  00000+0 0  9995
2 39500   0.0788 100.0000 0003028  73.1870 245.9494  1.00271859 46619
TDRS 12
1 39504U 14004A   26283.72565329 -.00000275  00000+0  00000+0 0  9993
2 39504   4.1015  20.8465 0006620 226.1168 352.6590  1.00275365 45434
ABS-2
1 39508U 14006A   26283.89113156 -.00000092  00000+0  00000+0 0  9991
2 39508   0.0584  75.8792 0003963 118.2679 221.1043  1.00271332 46436
ATHENA-FIDUS
1 39509U 14006B   26283.95510819  .00000148  00000+0  00000+0 0  9997
2 39509   0.0259 118.6985 0001407  91.8174 190.6879  1.00272058 46245
TURKSAT 4A
1 39522U 14007A   26283.81336034  .00000140  00000+0  00000+0 0  9995
2 39522   0.0617 287.1668 0004434 330.6772  96.3661  1.00270793 46121
EXPRESS-AT1
1 39612U 14010A   26283.96325490 -.00000143  00000+0  00000+0 0  9993
2 39612   0.5506  84.0370 0004619  96.2368 265.2598  1.00313938 45975
EXPRESS-AT2
1 39613U 14010B   26283.88740487  .00000072  00000+0  00000+0 0  9992
2 39613   0.0205 230.8315 0000276 227.4461 296.7000  1.00273519 45656
AMAZONAS 4A
1 39616U 14011A   26283.93292144 -.00000258  00000+0  00000+0 0  9991
2 39616   0.0506 178.8101 0006109  20.9962  81.5851  1.00272630 45871
ASTRA 5B
1 39617U 14011B   26283.88099152  .00000131  00000+0  00000+0 0  9999
2 39617   0.0857 298.1439 0003422 273.2440 148.7753  1.00270359 45828
IRNSS-1B
1 39635U 14017A   26280.96494749  .00000076  00000+0  00000+0 0  9990
2 39635  29.1863 238.4676 0018822 190.3339 350.3525  1.00268531 45921
LUCH-5V
1 39727U 14023A   26283.96637492 -.00000271  00000+0  00000+0 0  9994
2 39727   5.4181  68.4780 0002877 167.4845 226.2704  1.00270463 45523
KAZSAT-3
1 39728U 14023B   26283.38886512  .00000053  00000+0  00000+0 0  9997
2 39728   0.0130 270.3369 0000092 270.0089  37.1608  1.00271880 43618
EUTELSAT 3B
1 39773U 14030A   26283.94817483  .00000014  00000+0  00000+0 0  9995
2 39773   0.0681  16.4850 0004167 176.9745 170.5457  1.00272803 45222
ASIASAT 8 (AMOS-7)
1 40107U 14046A   26283.89719825 -.00000339  00000+0  00000+0 0  9991
2 40107   0.0207 260.6539 0001746 321.0942 226.0583  1.00270102103309
ASIASAT 6
1 40141U 14052A   26283.97131494 -.00000368  00000+0  00000+0 0  9997
2 40141   0.0550  71.1665 0000757 104.3694 313.6404  1.00272001 44242
OPTUS 10
1 40146U 14054A   26282.90919815 -.00000156  00000+0  00000+0 0  9992
2 40146   0.0994 323.5549 0001997 229.8803 308.4216  1.00271519 44185
MEASAT-3B
1 40147U 14054B   26283.46677878  .00000000  00000+0  00000+0 0  9992
2 40147   0.0134  66.5915 0000395  91.0128 121.0051  1.00272088 44079
HIMAWARI-8
1 40267U 14060A   26283.90413162 -.00000281  00000+0  00000+0 0  9997
2 40267   0.0475  47.8086 0001256 187.7859 250.0766  1.00271642 43926
IRNSS-1C
1 40269U 14061A   26283.89277823 -.00000163  00000+0  00000+0 0  9999
2 40269   6.8071  86.7072 0019206   9.3300 327.7741  1.00275187 43849
INTELSAT 30 (IS-30)
1 40271U 14062A   26283.85730054  .00000000  00000+0  00000+0 0  9998
2 40271   0.0080 189.7542 0001462 226.2490 177.0340  1.00270590  7955
ARSAT 1
1 40272U 14062B   26283.93335477 -.00000266  00000+0  00000+0 0  9993
2 40272   0.0182 288.7194 0001608 264.2418  90.7954  1.00272297 43785
EUTELSAT 53A
1 40277U 14064A   26283.87683546  .00000092  00000+0  00000+0 0  9992
2 40277   0.0126 237.1830 0001836 311.6835 199.2970  1.00273377 42722
GSAT-16
1 40332U 14078A   26283.85739211  .00000079  00000+0  00000+0 0  9993
2 40332   0.0599  80.3833 0004948  39.2612 263.5657  1.00271511 43278
DIRECTV 14
1 40333U 14078B   26283.92796506  .00000000  00000+0  00000+0 0  9996
2 40333   0.0114 235.3339 0000937 215.2915 163.7235  1.00268978 43200
YAMAL 401
1 40345U 14082A   26283.60908609 -.00000235  00000+0  00000+0 0  9999
2 40345   0.0127 209.7662 0000228  32.3930  86.2860  1.00269395 43071
ASTRA 2G
1 40364U 14089A   26283.88185818  .00000000  00000+0  00000+0 0  9995
2 40364   0.0313   7.3823 0001974  86.7100 271.0336  1.00270716 43128
FENGYUN 2G
1 40367U 14090A   26283.89598492 -.00000301  00000+0  00000+0 0  9992
2 40367   5.9263  71.3623 0004232 189.8332 180.2590  1.00262157 43167
MUOS-3
1 40374U 15002A   26283.73076664 -.00000132  00000+0  00000+0 0  9991
2 40374   4.7440  43.8524 0059128 180.3651  42.7872  1.00271992 42742
INMARSAT 5-F2
1 40384U 15005A   26283.50907231 -.00000293  00000+0  00000+0 0  9991
2 40384   0.0168 150.4036 0000476 331.0886  25.8706  1.00273123 42150
ABS-3A
1 40424U 15010A   26283.87570483 -.00000033  00000+0  00000+0 0  9999
2 40424   0.0140 227.2810 0001726 270.5956 193.8658  1.00270963 42535
EUTELSAT 115 WEST B
1 40425U 15010B   26283.06958374 -.00000034  00000+0  00000+0 0  9991
2 40425   0.0183  56.3586 0000117 131.3804 101.1069  1.00272894 42536
EXPRESS-AM7
1 40505U 15012A   26283.86294978  .00000144  00000+0  00000+0 0  9994
2 40505   0.0169 136.7450 0003144  66.5032 166.8864  1.00273753 42162
BEIDOU-3S IGSO-1S
1 40549U 15019A   26280.47014294 -.00000171  00000+0  00000+0 0  9995
2 40549  48.9829 294.0972 0038852 201.3739 146.6824  1.00282499 42190
THOR 7
1 40613U 15022A   26283.94748149 -.00000014  00000+0  00000+0 0  9995
2 40613   0.0200 188.5484 0002550   6.5778 164.8793  1.00270726 41975
TURKMENALEM52E/MONACOSAT
1 40617U 15023A   26283.83036595  .00000097  00000+0  00000+0 0  9993
2 40617   0.0433  74.2615 0002936 123.8173 172.3229  1.00273128 42006
DIRECTV 15
1 40663U 15026A   26283.49072772 -.00000110  00000+0  00000+0 0  9993
2 40663   0.0390  81.6825 0000304  51.3448 319.8684  1.00271025 41614
SKY MEXICO-1
1 40664U 15026B   26283.93196809  .00000000  00000+0  00000+0 0  9998
2 40664   0.0134 199.0329 0001913 357.6998  79.5049  1.00269143 41616
METEOSAT-11 (MSG-4)
1 40732U 15034A   26283.80694698  .00000058  00000+0  00000+0 0  9991
2 40732   3.4861  70.2581 0001385  73.3269 175.8618  1.00264618  8372
STAR ONE C4
1 40733U 15034B   26283.93378810  .00000000  00000+0  00000+0 0  9998
2 40733   0.0118  42.6759 0000858 148.0683  94.9659  1.00271452 41170
WGS F7 (USA 263)
1 40746U 15036A   26283.34076490  .00000010  00000+0  00000+0 0  9999
2 40746   0.0125 210.2779 0000085 214.6580 251.7528  1.00271943 41022
INTELSAT 34 (IS-34)
1 40874U 15039A   26283.30183769 -.00000293  00000+0  00000+0 0  9992
2 40874   0.0218 297.1958 0000520  17.1861 117.7030  1.00269679 40786
EUTELSAT 8 WEST B
1 40875U 15039B   26283.85114184 -.00000072  00000+0  00000+0 0  9993
2 40875   0.0689 352.2394 0003654 208.4864 117.1464  1.00271739 40814
GSAT-6
1 40880U 15041A   26283.89269156 -.00000164  00000+0  00000+0 0  9998
2 40880   2.2114  80.9919 0003032 123.1059 219.2966  1.00270295 40754
INMARSAT 5-F3
1 40882U 15042A   26283.05649703  .00000000  00000+0  00000+0 0  9997
2 40882   0.0185 186.6556 0001433 211.4898 180.4413  1.00270968 40726
MUOS-4
1 40887U 15044A   26283.89121823 -.00000097  00000+0  00000+0 0  9991
2 40887   4.5490  42.7521 0052106   2.5012  10.0740  1.00272168 40728
TJS-1
1 40892U 15046A   26283.90699164 -.00000162  00000+0  00000+0 0  9992
2 40892   0.6160  83.6069 0002782 100.5621 316.8289  1.00269652 40736
EXPRESS-AM8
1 40895U 15048A   26283.94479481 -.00000117  00000+0  00000+0 0  9999
2 40895   0.0165 238.7383 0000071 251.2065 215.7489  1.00270625 40501
BEIDOU-3S IGSO-2S
1 40938U 15053A   26283.89537825 -.00000162  00000+0  00000+0 0  9994
2 40938  49.0510 257.3950 0065058 192.7842 348.1048  1.00278086 40513
SKY MUSTER 1 (NBN1A)
1 40940U 15054A   26283.49026675 -.00000286  00000+0  00000+0 0  9997
2 40940   0.0168 235.5928 0001814 317.4583 142.8117  1.00271881 40414
ARSAT 2
1 40941U 15054B   26283.93153476 -.00000231  00000+0  00000+0 0  9997
2 40941   0.0142 276.7949 0001873 275.7437  81.3626  1.00272296 40464
MORELOS 3
1 40946U 15056A   26283.92519171 -.00000048  00000+0  00000+0 0  9997
2 40946   3.2955  17.8573 0003448 182.5007  39.1536  1.00272386 40440
APSTAR-9
1 40982U 15059A   26283.90447830 -.00000271  00000+0  00000+0 0  9998
2 40982   0.0393 357.6977 0002739 192.5296 296.9245  1.00273214 40279
TURKSAT 4B
1 40984U 15060A   26283.82890388  .00000000  00000+0  00000+0 0  9992
2 40984   0.0161 201.7417 0001933 357.1740 168.8753  1.00269307 40257
ZHONGXING-2C
1 41021U 15063A   26283.96802159 -.00000328  00000+0  00000+0 0  9996
2 41021   0.5668  86.0006 0009872 126.3631 259.0874  1.00267230 40148
GSAT-15
1 41028U 15065A   26283.53845244 -.00000265  00000+0  00000+0 0  9990
2 41028   0.0470  77.7520 0002101 110.3019 118.4401  1.00271726 39956
BADR-7 (ARABSAT-6B)
1 41029U 15065B   26283.88151152  .00000139  00000+0  00000+0 0  9996
2 41029   0.0356 235.0116 0006698 352.7652 135.0577  1.00270605 39921
LAOSAT 1
1 41034U 15067A   26283.90179161 -.00000349  00000+0  00000+0 0  9991
2 41034   0.0235 313.6129 0002449 179.3127 339.7413  1.00274393 40023
TELSTAR 12V
1 41036U 15068A   26283.94462147 -.00000124  00000+0  00000+0 0  9998
2 41036   0.0165 136.9529 0002066  61.0092 146.6634  1.00272001 39785
ELEKTRO-L 2
1 41105U 15074A   26283.73085331 -.00000120  00000+0  00000+0 0  9991
2 41105   6.9795  69.0586 0002413 199.7933 359.0553  1.00270733 39661
COSMOS 2513
1 41121U 15075A   26283.10815059 -.00000147  00000+0  00000+0 0  9998
2 41121   0.0551  95.8682 0001982 136.7361 265.3257  1.00272912 39700
EXPRESS-AMU1
1 41191U 15082A   26283.66966637  .00000149  00000+0  00000+0 0  9994
2 41191   0.0171 233.5861 0002479 329.3865  93.5018  1.00269507 39427
GAOFEN-4
1 41194U 15083A   26283.96854159 -.00000340  00000+0  00000+0 0  9990
2 41194   0.6506  82.9637 0003309 145.4902 245.4981  1.00269421 39698
BELINTERSAT-1
1 41238U 16001A   26283.82963375  .00000100  00000+0  00000+0 0  9999
2 41238   0.0153 272.7256 0000169  86.7353  10.1461  1.00272419 39391
IRNSS-1E
1 41241U 16003A   26282.83635745 -.00000294  00000+0  00000+0 0  9997
2 41241  33.4847  58.0965 0022582 180.9980 192.2702  1.00275792 39233
EUTELSAT 9B
1 41310U 16005A   26283.94938816  .00000056  00000+0  00000+0 0  9999
2 41310   0.0731  67.3559 0003295 161.6682 141.3180  1.00273292 39271
SES-9
1 41380U 16013A   26283.54139912 -.00000352  00000+0  00000+0 0  9991
2 41380   0.0053 170.7711 0001486 329.6235 181.9814  1.00272003 38591
EUTELSAT 65 WEST A
1 41382U 16014A   26283.93474144 -.00000282  00000+0  00000+0 0  9998
2 41382   0.0680 317.9946 0002169 235.5566  97.3149  1.00273258 38689
IRNSS-1F
1 41384U 16015A   26283.81975855  .00000156  00000+0  00000+0 0  9992
2 41384   5.6344  94.1235 0021046 173.5010  79.2781  1.00271470 38825
BEIDOU-2 IGSO-6
1 41434U 16021A   26282.86302916 -.00000180  00000+0  00000+0 0  9999
2 41434  60.3916  36.9079 0062931 228.9668 159.9751  1.00277195 38638
IRNSS-1G
1 41469U 16027A   26283.90196494 -.00000336  00000+0  00000+0 0  9994
2 41469   5.4778  94.7717 0002183  53.7343 325.2936  1.00273534 38344
JCSAT-2B
1 41471U 16028A   26283.90681830  .00000000  00000+0  00000+0 0  9998
2 41471   0.0199 205.5030 0000829   7.1191 287.3403  1.00270033 38296
THAICOM 8
1 41552U 16031A   26283.89191156 -.00000128  00000+0  00000+0 0  9999
2 41552   0.0762  31.5140 0000374  64.9055 322.6902  1.00272214 37879
INTELSAT 31 (IS-31)
1 41581U 16035A   26283.15448706 -.00000159  00000+0  00000+0 0  9994
2 41581   0.0102 221.0002 0001740  21.1223  97.2301  1.00270696 37838
BEIDOU-2 G7
1 41586U 16037A   26283.96949493 -.00000358  00000+0  00000+0 0  9990
2 41586   2.0033  69.7013 0004911 345.3242  64.1479  1.00271373  8056
ABS-2A (MONGOLSAT-1)
1 41588U 16038A   26283.10711058  .00000000  00000+0  00000+0 0  9996
2 41588   0.0246 210.0596 0001613 292.6485 349.2902  1.00267374 37863
EUTELSAT 117 WEST B
1 41589U 16038B   26283.42194170 -.00000019  00000+0  00000+0 0  9993
2 41589   0.0063   9.5109 0000047 163.3199 241.1434  1.00271040 37818
BRISAT
1 41591U 16039A   26283.40723852 -.00000204  00000+0  00000+0 0  9996
2 41591   0.0129 250.9236 0002219 300.5940 124.6151  1.00271771 37765
ECHOSTAR 18
1 41592U 16039B   26283.04883528  .00000000  00000+0  00000+0 0  9997
2 41592   0.0197 198.3495 0001545 352.8335 143.7083  1.00268384 37775
MUOS-5
1 41622U 16041A   26283.92718506 -.00000168  00000+0  00000+0 0  9990
2 41622   1.9675 304.4511 0204601 261.0494  42.7952  1.00272287 38247
TIANTONG-1 1
1 41725U 16048A   26283.69504226 -.00000321  00000+0  00000+0 0  9998
2 41725   4.0743  44.1537 0000884 102.5943 224.1414  1.00268409 37421
JCSAT-16
1 41729U 16050A   26283.49376017 -.00000258  00000+0  00000+0 0  9997
2 41729   0.0190 173.9508 0000908  23.3666 143.5108  1.00270980 37235
USA 270
1 41744U 16052A   26282.67094177 -.00000359  00000+0  00000+0 0  9991
2 41744   4.4844  75.6689 0008507 121.6631 188.1279  1.00257306 29277
USA 271
1 41745U 16052B   26282.30044565 -.00000185  00000+0  00000+0 0  9995
2 41745   4.4581  75.7555 0003421 178.4552 173.3756  0.99061946 29053
INTELSAT 36 (IS-36)
1 41747U 16053A   26283.88991822  .00000000  00000+0  00000+0 0  9994
2 41747   0.0095 232.9966 0002014 122.7202  52.6293  1.00270191 37119
INSAT-3DR
1 41752U 16054A   26283.89095823 -.00000083  00000+0  00000+0 0  9990
2 41752   0.1013  85.8440 0012414 179.4903 148.9057  1.00271684 36978
GSAT-18
1 41793U 16060A   26283.89095823 -.00000083  00000+0  00000+0 0  9992
2 41793   0.0759  83.7881 0001798  49.5985 280.7992  1.00271890 36685
SKY MUSTER 2 (NBN1B)
1 41794U 16060B   26283.40593852 -.00000252  00000+0  00000+0 0  9993
2 41794   0.0187 230.4546 0001637 323.3112 116.2112  1.00271412 36673
HIMAWARI-9
1 41836U 16064A   26282.97761500 -.00000283  00000+0  00000+0 0  9996
2 41836   0.0203 319.1614 0001218 237.0379 315.1048  1.00277938 36364
SHIJIAN-17 (SJ-17)
1 41838U 16065A   26282.88092902  .00000056  00000+0  00000+0 0  9999
2 41838   6.0391  71.1681 0001399  92.2261 238.9539  0.99851743 36344
GOES 16
1 41866U 16071A   26283.92683839 -.00000096  00000+0  00000+0 0  9993
2 41866   0.6225  83.9110 0002036 148.4197  16.1703  1.00272306 36265
TIANLIAN 1-04
1 41869U 16072A   26283.83996713  .00000025  00000+0  00000+0 0  9996
2 41869   1.1599  81.7399 0047372  99.2889 317.5953  1.00271219 36465
WGS F8 (USA 272)
1 41879U 16075A   26283.31552644 -.00000210  00000+0  00000+0 0  9991
2 41879   0.0107 232.9478 0000162 128.4423 280.9459  1.00271327 35971
FENGYUN 4A
1 41882U 16077A   26283.97200828 -.00000362  00000+0  00000+0 0  9991
2 41882   2.6101  78.7995 0008343 168.4084 245.4819  1.00275138 36097
ECHOSTAR 19
1 41893U 16079A   26283.42931891 -.00000146  00000+0  00000+0 0  9996
2 41893   0.0192 177.1667 0001312  12.1998 247.1373  1.00271774 35858
JCSAT-110A (JCSAT-15)
1 41903U 16082A   26283.89815160 -.00000357  00000+0  00000+0 0  9997
2 41903   0.0187 203.4206 0000417 353.1109 256.3885  1.00272332 35911
STAR ONE D1
1 41904U 16082B   26283.85972721 -.00000217  00000+0  00000+0 0  9996
2 41904   0.0205 113.2226 0002189  81.0115  50.7615  1.00273186 35932
TJS-2
1 41911U 17001A   26283.88948488 -.00000012  00000+0  00000+0 0  9995
2 41911   1.1258  83.4946 0002010 168.7229 154.0490  1.00272363 35877
SBIRS GEO-4 (USA 273)
1 41937U 17004A   26282.80303102 -.00000174  00000+0  00000+0 0  9994
2 41937   2.4686  45.8470 0001736 145.3116  95.1673  1.00271552 35741
HISPASAT 36W-1
1 41942U 17006A   26283.01385683 -.00000253  00000+0  00000+0 0  9998
2 41942   0.0176  28.4396 0001015 162.4817 156.7164  1.00272623 35397
TELKOM 3S
1 41944U 17007A   26283.89971160 -.00000369  00000+0  00000+0 0  9996
2 41944   0.0149 233.9093 0002249 332.4856 255.0285  1.00272116 35291
INTELSAT 32E (IS-32E)
1 41945U 17007B   26283.08371046 -.00000277  00000+0  00000+0 0  9993
2 41945   0.0108 209.9698 0000390 278.9137 236.7893  1.00272851 35378
ECHOSTAR 23
1 42070U 17014A   26283.42462792  .00000000  00000+0  00000+0 0  9991
2 42070   0.0209 206.3331 0002086 343.3482 232.3137  1.00270342 35072
WGS F9 (USA 275)
1 42075U 17016A   26283.08995050  .00000000  00000+0  00000+0 0  9998
2 42075   0.0234 215.0565 0000064 307.9919 236.0255  1.00269727 35040
SES-10
1 42432U 17017A   26283.86305145 -.00000279  00000+0  00000+0 0  9991
2 42432   0.0071 245.3982 0002781 319.9846  57.9043  1.00270923 34915
CHINASAT 16 (SJ-13)
1 42662U 17018A   26283.96949493 -.00000358  00000+0  00000+0 0  9996
2 42662   0.0915  87.1313 0007404 146.2497 245.7479  1.00272595 34914
KOREASAT 7
1 42691U 17023A   26283.89927826 -.00000368  00000+0  00000+0 0  9993
2 42691   0.0166  36.7741 0001340 189.8249 232.5686  1.00272793 34532
SGDC
1 42692U 17023B   26283.15577611 -.00000258  00000+0  00000+0 0  9994
2 42692   0.0388  54.7050 0002463 157.4093 147.8897  1.00270448 34556
GSAT-9
1 42695U 17024A   26283.89555159 -.00000291  00000+0  00000+0 0  9999
2 42695   0.0904  86.0595 0002685 108.7138 244.4189  1.00267349 34453
INMARSAT 5-F4
1 42698U 17025A   26283.10347057  .00000000  00000+0  00000+0 0  9990
2 42698   0.0187 205.3136 0000336 338.0910 289.0746  1.00271467 34431
SES-15
1 42709U 17026A   26283.63690622  .00000053  00000+0  00000+0 0  9999
2 42709   0.0348 332.5292 0000284 220.1773 286.6642  1.00268860  8598
QZS-2 (MICHIBIKI-2)
1 42738U 17028A   26283.75971343 -.00000231  00000+0  00000+0 0  9997
2 42738  39.2608 241.4551 0746289 270.7966 280.5722  1.00253707  8783
VIASAT-2
1 42740U 17029A   26283.50612564 -.00000272  00000+0  00000+0 0  9996
2 42740   0.0170 232.0074 0001605 289.6090 329.7508  1.00271782 34358
EUTELSAT 172B
1 42741U 17029B   26283.83910045 -.00000011  00000+0  00000+0 0  9999
2 42741   0.0283 140.3199 0000176 262.9897  90.2304  1.00272533 34915
GSAT-19
1 42747U 17031A   26283.88575819  .00000120  00000+0  00000+0 0  9999
2 42747   0.0945  85.4797 0006823  78.8429 221.8346  1.00266400 34306
ECHOSTAR 21
1 42749U 17032A   26283.84489138  .00000060  00000+0  00000+0 0  9999
2 42749   1.7907   3.1161 0002281 191.5796 139.1793  1.00271297 34251
BULGARIASAT-1
1 42801U 17038A   26283.87674483  .00000005  00000+0  00000+0 0  9995
2 42801   0.0644  84.8573 0002733 119.0970 133.0699  1.00271651 34009
HELLAS-SAT 3
1 42814U 17040A   26283.95528153  .00000146  00000+0  00000+0 0  9999
2 42814   0.0776  48.5311 0000616  64.4532 289.4842  1.00274024 33968
GSAT-17
1 42815U 17040B   26283.32464484 -.00000265  00000+0  00000+0 0  9990
2 42815   0.0734  83.2822 0005357 167.0416 338.9832  1.00270954 33949
INTELSAT 35E (IS-35E)
1 42818U 17041A   26283.86946480  .00000000  00000+0  00000+0 0  9990
2 42818   0.0174 208.0860 0002014 359.2969  90.5752  1.00269298 33978
COSMOS 2520
1 42907U 17046A   26283.82598377  .00000130  00000+0  00000+0 0  9992
2 42907   0.0255 128.4537 0000305 325.7477 267.6200  1.00274842 33556
TDRS 13
1 42915U 17047A   26283.94531481 -.00000104  00000+0  00000+0 0  9990
2 42915   3.4960   5.5103 0012358 124.8268 218.1050  1.00271752 33502
QZS-3 (MICHIBIKI-3)
1 42917U 17048A   26283.90144494 -.00000354  00000+0  00000+0 0  9990
2 42917   0.0500 186.1659 0001967  25.3322 259.6051  1.00272420 33413
AMAZONAS 5
1 42934U 17053A   26283.08024378 -.00000291  00000+0  00000+0 0  9992
2 42934   0.0427 315.7099 0002833 283.2592 107.6204  1.00271019 33195
ASIASAT 9
1 42942U 17057A   26283.97174828 -.00000365  00000+0  00000+0 0  9991
2 42942   0.0147 215.8233 0002213 344.0113 291.7140  1.00269950 33049
INTELSAT 37E (IS-37E)
1 42950U 17059A   26283.87275815  .00000000  00000+0  00000+0 0  9994
2 42950   0.0198 219.0886 0002715 340.8376 115.7369  1.00270805 33225
BSAT-4A
1 42951U 17059B   26283.89806493 -.00000356  00000+0  00000+0 0  9994
2 42951   0.0784  54.7302 0000760  35.0344   2.8892  1.00271038 32966
QZS-4 (MICHIBIKI-4)
1 42965U 17062A   26282.49282527 -.00000340  00000+0  00000+0 0  9997
2 42965  40.0324 342.0225 0749842 270.2372  83.5253  1.00267438 32952
SES-11 (ECHOSTAR 105)
1 42967U 17063A   26283.92683839 -.00000095  00000+0  00000+0 0  9997
2 42967   0.0267 318.1763 0002315 244.9490  45.1409  1.00271794 32882
KOREASAT 5A
1 42984U 17067A   26283.89875826 -.00000364  00000+0  00000+0 0  9994
2 42984   0.0194 269.8543 0001296 330.1306 216.2381  1.00272926 32685
ALCOMSAT 1
1 43039U 17078A   26283.94271480 -.00000192  00000+0  00000+0 0  9999
2 43039   0.0523 358.3527 0001874 213.4473 122.3396  1.00271401 32454
SBIRS GEO-3 (USA 282)
1 43162U 18009A   26283.70225318  .00000122  00000+0  00000+0 0  9996
2 43162   2.2832  17.2104 0001815 182.5324 272.9900  1.00272467 32003
AL YAH 3
1 43174U 18012A   26283.08830382 -.00000162  00000+0  00000+0 0  9992
2 43174   1.8429  81.5362 0003479 118.7350 190.1533  1.00272277 31990
SES-14
1 43175U 18012B   26283.51054566 -.00000286  00000+0  00000+0 0  9990
2 43175   0.0091 155.4696 0000904  35.7016 324.2629  1.00271055  8189
GOES 17
1 43226U 18022A   26283.92987174 -.00000188  00000+0  00000+0 0  9994
2 43226   1.2299  83.7469 0001005 157.5560  23.5080  1.00272106 31588
HISPASAT 30W-6
1 43228U 18023A   26283.08639714  .00000000  00000+0  00000+0 0  9990
2 43228   0.0227  64.3506 0002381 109.8327 205.6228  1.00268689 31559
SUPERBIRD-B3
1 43271U 18033A   26283.90837831 -.00000098  00000+0  00000+0 0  9998
2 43271   0.0158 167.9698 0000894  26.4694 314.1081  1.00272713 31220
HYLAS 4
1 43272U 18033B   26283.79845361 -.00000240  00000+0  00000+0 0  9992
2 43272   0.0728 271.2474 0001105 311.4970  50.5974  1.00269619 31228
IRNSS-1I
1 43286U 18035A   26278.00813291  .00000086  00000+0  00000+0 0  9991
2 43286  29.0107  72.4877 0021108 178.2530 180.9696  1.00270154 31178
USA 283
1 43339U 18036A   26281.59628097  .00000000  00000+0  00000+0 0  9993
2 43339   0.0191 196.2961 0000170 214.6773 315.0078  1.00268778 26424
COSMOS 2526
1 43432U 18037A   26283.40273184 -.00000352  00000+0  00000+0 0  9994
2 43432   0.0133 185.9633 0000540 283.8424 182.2739  1.00273382 31114
APSTAR-6C
1 43450U 18041A   26282.83371115 -.00000327  00000+0  00000+0 0  9990
2 43450   0.0531 302.5281 0002050 296.3416 213.7299  1.00274377 30968
BANGABANDHUSAT-1
1 43463U 18044A   26283.89988494 -.00000368  00000+0  00000+0 0  9993
2 43463   0.0255 113.2135 0002409  92.4218 256.9459  1.00272493 30877
SES-12
1 43488U 18049A   26283.75260672 -.00000276  00000+0  00000+0 0  9999
2 43488   0.0521  51.2203 0002143 196.9114 137.1782  1.00270854 30572
FENGYUN 2H
1 43491U 18050A   26283.96325490 -.00000132  00000+0  00000+0 0  9999
2 43491   3.3233  77.6094 0002893 157.5174 210.4579  1.00269673 30603
BEIDOU-2 IGSO-7
1 43539U 18057A   26281.53675444 -.00000114  00000+0  00000+0 0  9997
2 43539  55.2118 162.0865 0107628 236.2246 284.5920  1.00269322 30261
TELSTAR 19V
1 43562U 18059A   26283.36494501 -.00000288  00000+0  00000+0 0  9993
2 43562   0.0173 219.4472 0002134 334.6797 253.2374  1.00272293 30297
TELKOM 4 (MERAH PUTIH)
1 43587U 18064A   26283.89771826 -.00000350  00000+0  00000+0 0  9992
2 43587   0.0173 232.0518 0001492 353.1898 225.4585  1.00272407 30034
TELSTAR 18V
1 43611U 18069A   26283.49037422 -.00000301  00000+0  00000+0 0  9994
2 43611   0.0161 253.2892 0001811 304.3076 136.0499  1.00272135 29790
AZERSPACE 2 (IS-38)
1 43632U 18074A   26283.67139970  .00000130  00000+0  00000+0 0  9993
2 43632   0.0203 219.1428 0001645 325.6314 121.3421  1.00272570 29607
HORIZONS-3E
1 43633U 18074B   26283.41087853 -.00000038  00000+0  00000+0 0  9996
2 43633   0.0073 208.4536 0000659 342.0554 145.4497  1.00272688 29494
AEHF-4 (USA 288)
1 43651U 18079A   26283.93404810 -.00000280  00000+0  00000+0 0  9993
2 43651   1.4257   0.3618 0068731 357.5381 290.3667  1.00269174 29458
BEIDOU-3 G1
1 43683U 18085A   26283.90803164 -.00000113  00000+0  00000+0 0  9992
2 43683   2.6820  94.1012 0004972  26.7320  25.6158  1.00270782 29222
GSAT-29
1 43698U 18089A   26283.85739211  .00000078  00000+0  00000+0 0  9996
2 43698   0.0411  68.9421 0002378 140.4307 173.8375  1.00275263 28940
ES'HAIL 2
1 43700U 18090A   26283.88142485  .00000138  00000+0  00000+0 0  9993
2 43700   0.0168 127.4266 0001205  95.4333 139.7650  1.00275085 28834
GEO-KOMPSAT-2A
1 43823U 18100A   26283.90170494  .00000000  00000+0  00000+0 0  9993
2 43823   0.0146  72.7675 0001645  52.6298 346.9787  1.00270869 28798
GSAT-11
1 43824U 18100B   26283.89095823  .00000000  00000+0  00000+0 0  9994
2 43824   0.0209 225.3218 0005461 260.2034 288.6954  1.00270479 28631
GSAT-7A
1 43864U 18105A   26283.46114543  .00000018  00000+0  00000+0 0  9996
2 43864   0.0946  83.9345 0002321 121.5968  42.3563  1.00273934 28606
COSMOS 2533
1 43867U 18107A   26283.67633972 -.00000045  00000+0  00000+0 0  9997
2 43867   0.0226 129.0189 0000338 136.2426  67.5174  1.00269453 28604
TJS-3
1 43874U 18110A   26283.76257295  .00000017  00000+0  00000+0 0  9997
2 43874   2.8367  78.9791 0003267  23.3299   7.0514  1.00274210 28588
ZHONGXING-2D
1 43920U 19001A   26283.97330828 -.00000343  00000+0  00000+0 0  9999
2 43920   0.0582  38.8886 0001805 262.4248 198.6788  1.00271427 55245
HELLAS-SAT 4 & SGS-1
1 44034U 19007A   26283.67027303  .00000146  00000+0  00000+0 0  9990
2 44034   0.0669 129.2117 0006264  35.0171 135.3883  1.00271743 28530
GSAT-31
1 44035U 19007B   26283.60067939  .00000118  00000+0  00000+0 0  9992
2 44035   0.0681  79.0341 0005224 161.3629  42.9543  1.00272895 28122
NUSANTARA SATU
1 44048U 19009A   26283.40628519 -.00000242  00000+0  00000+0 0  9992
2 44048   0.0283 145.2057 0004098  13.3784 152.7233  1.00271506 27921
ZHONGXING-6C
1 44067U 19012A   26283.97348162 -.00000341  00000+0  00000+0 0  9992
2 44067   0.0506 302.1765 0012960 121.3765  76.9136  1.00268953 27905
WGS 10 (USA 291)
1 44071U 19014A   26283.10425057  .00000038  00000+0  00000+0 0  9995
2 44071   0.0117 210.9712 0000108 140.5824 125.0171  1.00271287 27770
TIANLIAN 2-01
1 44076U 19017A   26283.96282156 -.00000112  00000+0  00000+0 0  9992
2 44076   0.8329  82.2196 0003701 142.2909 218.6938  1.00272123 27803
ARABSAT-6A
1 44186U 19021A   26283.95380404  .00000148  00000+0  00000+0 0  9991
2 44186   0.0590   8.6867 0004551 256.7242 128.0592  1.00276083 27314
BEIDOU-3 IGSO-1
1 44204U 19023A   26282.83166714 -.00000232  00000+0  00000+0 0  9991
2 44204  58.8577  36.4783 0028670 224.7491 174.0829  1.00258365  8367
BEIDOU-2 G8
1 44231U 19027A   26283.90499830 -.00000251  00000+0  00000+0 0  9993
2 44231   1.9466  74.1907 0009170 275.2622 140.4410  1.00272600 27240
YAMAL 601
1 44307U 19031A   26283.52969907  .00000112  00000+0  00000+0 0  9992
2 44307   0.0188 203.9120 0002405 355.5408  59.4024  1.00273887 27082
AT&T T-16
1 44333U 19034A   26283.24534067 -.00000124  00000+0  00000+0 0  9992
2 44333   0.0218 110.0097 0000577   7.0567 249.2748  1.00273254 26785
EUTELSAT 7C
1 44334U 19034B   26283.59261935  .00000041  00000+0  00000+0 0  9999
2 44334   0.0688 181.7443 0003148 359.1945  58.6055  1.00271322  7994
BEIDOU-3 IGSO-2
1 44337U 19035A   26283.54382579 -.00000099  00000+0  00000+0 0  9990
2 44337  55.2510 157.8482 0038425 210.1154 326.2657  1.00264297 26822
COSMOS 2539
1 44457U 19048A   26284.02123240  .00000076  00000+0  00000+0 0  9993
2 44457   0.0216 129.8418 0000434 168.3354 101.1079  1.00274650 26382
EDRS-C
1 44475U 19049A   26283.90456497 -.00000268  00000+0  00000+0 0  9997
2 44475   0.0165 220.1284 0000885 344.3653 283.1557  1.00270330 26371
INTELSAT 39 (IS-39)
1 44476U 19049B   26283.67477972  .00000000  00000+0  00000+0 0  9996
2 44476   0.0224 220.2828 0000551 236.9405 226.9127  1.00270212 26281
AMOS-17
1 44479U 19050A   26283.87969150  .00000103  00000+0  00000+0 0  9991
2 44479   0.0389 346.3478 0001701 209.2131 157.6086  1.00272593 26349
AEHF-5 (USA 292)
1 44481U 19051A   26283.89485824 -.00000266  00000+0  00000+0 0  9999
2 44481   1.3801 346.0008 0029477   7.0331  81.7213  1.00273404 26427
EUTELSAT 5 WEST B
1 44624U 19067A   26283.85114184 -.00000048  00000+0  00000+0 0  9997
2 44624   0.0691  19.3519 0003031 177.8695 123.6590  1.00271375 25588
MEV-1
1 44625U 19067B   26282.66622299 -.00000157  00000+0  00000+0 0  9998
2 44625   0.7549 267.7423 0004223 292.3573 214.1913  1.00271394 62490
TJS-4
1 44637U 19070A   26283.96412157 -.00000175  00000+0  00000+0 0  9999
2 44637   0.0671 292.5975 0004998  17.0797 140.4617  1.00270716 25701
BEIDOU-3 IGSO-3
1 44709U 19073A   26283.39711403 -.00000190  00000+0  00000+0 0  9992
2 44709  54.6093 279.6409 0046469 198.5644 161.2248  1.00254840 25618
TIBA-1
1 44800U 19080A   26283.97810870  .00000150  00000+0  00000+0 0  9999
2 44800   0.0601  21.7036 0002017 178.9231 206.5860  1.00273930 25206
INMARSAT GX5
1 44801U 19080B   26283.84489138  .00000068  00000+0  00000+0 0  9993
2 44801   0.0557   9.0247 0002041 194.3946 131.2040  1.00270193  7945
JCSAT-18 (KACIFIC 1)
1 44868U 19091A   26283.90603830 -.00000206  00000+0  00000+0 0  9997
2 44868   0.0321 316.2430 0000248 157.1939  22.2791  1.00273119 25178
ELEKTRO-L 3
1 44903U 19095A   26282.59191008 -.00000188  00000+0  00000+0 0  9993
2 44903   0.0514 281.3302 0003062 236.7228  66.5229  0.99421243 24855
SHIJIAN-20 (SJ-20)
1 44910U 19097A   26281.10453633  .00000138  00000+0  00000+0 0  9998
2 44910   5.2034  73.6106 0003782 171.7146 209.3559  1.00275805 24832
TJS-5
1 44978U 20002A   26282.87646874 -.00000351  00000+0  00000+0 0  9994
2 44978   0.2840  82.7431 0006491 355.2987   3.5065  1.00270960 24855
GSAT-30
1 45026U 20005A   26283.32247817 -.00000173  00000+0  00000+0 0  9999
2 45026   0.0820  84.3215 0001468  83.1563  50.5616  1.00271556 24665
EUTELSAT KONNECT
1 45027U 20005B   26283.09367718  .00000041  00000+0  00000+0 0  9990
2 45027   0.0713  94.0132 0001335 152.2946 173.3396  1.00269319 25483
JCSAT-17
1 45245U 20013A   26283.55250757 -.00000328  00000+0  00000+0 0  9995
2 45245   5.4005 357.9523 0004086 197.4459 158.6735  1.00272368 24388
GEO-KOMPSAT-2B
1 45246U 20013B   26283.90170494 -.00000350  00000+0  00000+0 0  9999
2 45246   0.0378 323.9471 0001770 274.6727 233.7758  1.00273373 24445
BEIDOU-3 G2
1 45344U 20017A   26283.96342823 -.00000145  00000+0  00000+0 0  9997
2 45344   2.6415  48.8429 0002422 160.8202 236.8122  1.00271796 24423
AEHF-6 (USA 298)
1 45465U 20022B   26283.90361162 -.00000308  00000+0  00000+0 0  9999
2 45465   2.3102 303.0037 0043625   9.2926 170.2761  1.00270867 24177
BEIDOU-3 G3
1 45807U 20040A   26283.96949493 -.00000358  00000+0  00000+0 0  9999
2 45807   2.7280  67.3615 0004117 270.5600 141.1770  1.00277143 23232
APSTAR-6D
1 45863U 20045A   26283.90283162 -.00000324  00000+0  00000+0 0  9997
2 45863   0.0476  94.7727 0002464 353.6207  30.1561  1.00270892 23025
KOREASAT 116
1 45920U 20048A   26283.89936493 -.00000368  00000+0  00000+0 0  9992
2 45920   0.0187 265.0957 0001012 286.0479 268.3423  1.00274987 22798
EXPRESS 103
1 45985U 20053A   26283.96672159 -.00000286  00000+0  00000+0 0  9992
2 45985   0.0165 246.4272 0000634 252.9908 324.6978  1.00271243 22812
EXPRESS 80
1 45986U 20053B   26263.15064726 -.00000146  00000+0  00000+0 0  9992
2 45986   0.0271 170.2364 0064633  63.5597 259.7327  1.00286177 22599
BSAT-4B
1 46112U 20056A   26283.89002843 -.00000356  00000+0  00000+0 0  9995
2 46112   0.0693  99.9945 0003629  63.7073 286.0455  1.00271205 22546
MEV-2
1 46113U 20056B   26283.87613816 -.00000017  00000+0  00000+0 0  9996
2 46113   0.0201 221.6156 0000187  86.3667  25.9268  1.00273283 81653
GALAXY 30 (G-30)
1 46114U 20056C   26283.92276505  .00000000  00000+0  00000+0 0  9994
2 46114   0.0201 216.8224 0002412 340.5960  29.3058  1.00271905 22457
GAOFEN-13 01
1 46610U 20071A   26283.97088160 -.00000368  00000+0  00000+0 0  9993
2 46610   0.1985  80.8555 0056085 120.7865 285.8839  1.00270269 22088
TIANTONG-1 2
1 46916U 20082A   26283.97235494 -.00000362  00000+0  00000+0 0  9992
2 46916   0.6965 347.2359 0001071 271.0341 236.2752  1.00274185 21811
LUCAS (JDRS-1)
1 47202U 20089A   26283.89425157 -.00000241  00000+0  00000+0 0  9992
2 47202   0.0048 197.3820 0002430  22.3211 212.4941  1.00269547 21571
SXM-7
1 47240U 20096A   26283.36052499 -.00000213  00000+0  00000+0 0  9998
2 47240   0.0267 122.7937 0004489   3.0134 297.8062  1.00270915  8592
CMS-01
1 47256U 20099A   26283.89277823 -.00000171  00000+0  00000+0 0  9999
2 47256   0.1112  85.5021 0005955 170.9249 167.4777  1.00272685 21359
TURKSAT 5A
1 47306U 21001A   26283.66862635  .00000147  00000+0  00000+0 0  9997
2 47306   0.0195 112.1510 0000223 280.9428 257.8271  1.00272168 21123
TIANTONG-1 3
1 47321U 21003A   26283.96377490 -.00000163  00000+0  00000+0 0  9998
2 47321   1.6923 346.8637 0003442 232.4878 228.6811  1.00273709 21127
TJS-6
1 47613U 21010A   26283.84040046  .00000037  00000+0  00000+0 0  9990
2 47613   0.0508 108.6395 0003425  93.8732 297.9713  1.00271423 20970
SBIRS GEO-5 (USA 315)
1 48618U 21042A   26283.11083727 -.00000284  00000+0  00000+0 0  9999
2 48618   4.9690 330.0588 0001828 233.8491 308.5197  1.00271824 19922
FENGYUN 4B
1 48808U 21047A   26283.96828159 -.00000334  00000+0  00000+0 0  9990
2 48808   0.4406  81.1351 0008349 279.9890 111.6101  1.00265827 19733
SXM-8
1 48838U 21049A   26281.07974957  .00000000  00000+0  00000+0 0  9992
2 48838   0.0153 110.5438 0005585 287.5608 282.1792  1.00268236 19710
TIANLIAN 1-05
1 49011U 21063A   26283.95094817  .00000103  00000+0  00000+0 0  9993
2 49011   1.8864  79.4869 0004362 156.0898 143.0867  1.00271434 19235
STAR ONE D2
1 49055U 21069A   26282.86465128 -.00000274  00000+0  00000+0 0  9993
2 49055   0.0092 193.1098 0002632 356.8556  69.8168  1.00272110 19101
EUTELSAT QUANTUM
1 49056U 21069B   26283.88575819  .00000120  00000+0  00000+0 0  9995
2 49056   0.0147  31.5223 0002199 165.3587 189.1896  1.00272820 19082
ZHONGXING-2E
1 49062U 21071A   26283.89572492 -.00000297  00000+0  00000+0 0  9996
2 49062   0.0523   1.0215 0001156 245.7436 193.2601  1.00270011 19190
TJS-7
1 49115U 21077A   26283.92787839 -.00000130  00000+0  00000+0 0  9994
2 49115   0.0637 253.4859 0001963  86.6459 274.0068  1.00271426 10710
CHINASAT 9B
1 49125U 21080A   26283.96767492 -.00000319  00000+0  00000+0 0  9995
2 49125   0.0336 249.6334 0003433 309.7281 269.9841  1.00274038 18811
SHIJIAN-21 (SJ-21)
1 49330U 21094A   26283.93604105 -.00000350  00000+0  00000+0 0  9991
2 49330   5.3836  60.3961 0054076 174.0039 250.0787  1.00272622  6521
SES-17
1 49332U 21095A   26283.36407833  .00000000  00000+0  00000+0 0  9991
2 49332   0.0078  94.6658 0000926  90.9170 257.3584  1.00267492 19004
SYRACUSE 4A
1 49333U 21095B   26283.10130389  .00000126  00000+0  00000+0 0  9992
2 49333   0.0213 243.1416 0001740 306.2545 271.3134  1.00272785 19102
QZS-1R (MICHIBIKI-1R)
1 49336U 21096A   26283.76222677 -.00000248  00000+0  00000+0 0  9996
2 49336  37.7033  77.8760 0746367 270.3257  80.5821  1.00278702 18161
ZHONGXING-1D
1 49505U 21114A   26283.97339494 -.00000342  00000+0  00000+0 0  9999
2 49505   0.0118  50.9393 0001621 217.6482 231.5984  1.00271928 17981
STPSAT-6
1 49817U 21118A   26283.92545172 -.00000050  00000+0  00000+0 0  9992
2 49817   0.6143  83.7894 0001386 205.5189 311.4879  1.00272944 17732
EXPRESS AMU-7
1 50001U 21123A   26283.90499830 -.00000248  00000+0  00000+0 0  9991
2 50001   0.0174 249.6998 0000143 239.7473   0.8852  1.00271982 17708
EXPRESS AMU-3
1 50002U 21123B   26283.66032623 -.00000328  00000+0  00000+0 0  9997
2 50002   0.0214 242.7183 0000138  10.7269 106.5735  1.00272668  8197
TIANLIAN 2-02
1 50005U 21124A   26283.83892712 -.00000019  00000+0  00000+0 0  9990
2 50005   1.0945  84.1087 0004330 161.8196 246.5038  1.00272599 17787
TURKSAT 5B
1 50212U 21126A   26283.83377920  .00000140  00000+0  00000+0 0  9995
2 50212   0.0783 336.1326 0002530 317.6835  67.8006  1.00272681 17458
INMARSAT 6-F1
1 50319U 21128A   26283.46521878  .00000000  00000+0  00000+0 0  9992
2 50319   0.0148 182.4402 0000294 211.3001 236.5367  1.00271285 17418
SHIYAN-12 01 (SY-12 01)
1 50321U 21129A   26283.68794793 -.00000006  00000+0  00000+0 0  9995
2 50321   3.9665  78.2732 0002339 181.8624  67.7705  1.00486927 17656
SHIYAN-12 02 (SY-12 02)
1 50322U 21129B   26283.76038661 -.00000009  00000+0  00000+0 0  9993
2 50322   3.9650  78.2637 0003911 106.5008 276.4893  1.00441151 17660
TJS-9
1 50574U 21135A   26283.97478162 -.00000305  00000+0  00000+0 0  9995
2 50574   0.0816  85.5737 0005936 244.4575 177.6717  1.00268982 17591
GOES 18
1 51850U 22021A   26283.70667319  .00000090  00000+0  00000+0 0  9993
2 51850   0.0044 255.0189 0000480  19.3768 222.3445  1.00273771  7754
ZHONGXING-6D
1 52255U 22038A   26283.59948166  .00000000  00000+0  00000+0 0  9991
2 52255   0.0370 214.8677 0002948  18.7062 126.3989  1.00268575 16585
NILESAT 301
1 52817U 22061A   26283.85114184 -.00000064  00000+0  00000+0 0  9996
2 52817   0.0597  27.4922 0001517 192.8773  98.4547  1.00272569 15895
CMS-02 (GSAT-24)
1 52903U 22067A   26283.89277823 -.00000171  00000+0  00000+0 0  9991
2 52903   0.0540 264.0883 0003183 344.0730 175.7599  1.00273468 15760
MEASAT 3D
1 52904U 22067B   26283.89442491 -.00000248  00000+0  00000+0 0  9992
2 52904   0.0512  22.4241 0002306 230.7576 179.8445  1.00271341 15807
SES-22
1 52933U 22071A   26283.70623986  .00000098  00000+0  00000+0 0  9991
2 52933   0.0441  61.8291 0000877 127.2079 305.5296  1.00273510  8681
WFOV (USA 332)
1 52940U 22073A   26283.89997161 -.00000365  00000+0  00000+0 0  9998
2 52940   4.0022  76.9801 0002221 164.3990 221.4300  1.00274570 15532
TIANLIAN 2-03
1 53100U 22078A   26283.87839150  .00000067  00000+0  00000+0 0  9991
2 53100   0.9608  77.7953 0002255 163.3104 105.1855  1.00272269 15701
SBIRS GEO-6 (USA 336)
1 53355U 22092A   26282.88928417 -.00000306  00000+0  00000+0 0  9991
2 53355   3.0773 319.6076 0001788 241.3539 276.6934  1.00271692 15388
EUTELSAT KONNECT VHTS
1 53765U 22110A   26283.94808816  .00000011  00000+0  00000+0 0  9997
2 53765   0.0588  98.6604 0002232  79.3735 185.5186  1.00270060  7990
ZHONGXING-1E
1 53813U 22112A   26283.60735274  .00000000  00000+0  00000+0 0  9991
2 53813   0.0155  59.6535 0003821 209.7460  49.8276  1.00267909 15004
SES-20
1 53960U 22123A   26282.64425699 -.00000111  00000+0  00000+0 0  9990
2 53960   0.0469  64.4439 0001440  48.4120  34.2631  1.00271988 14686
SES-21
1 53961U 22123B   26283.63655955  .00000062  00000+0  00000+0 0  9995
2 53961   0.0363  66.2909 0001010 131.6449 279.4966  1.00271301  8376
GALAXY 33 (G-33)
1 54026U 22128A   26283.92120503  .00000073  00000+0  00000+0 0  9993
2 54026   0.0101 175.4751 0001715  25.0445  17.6580  1.00272952 14904
GALAXY 34 (G-34)
1 54027U 22128B   26283.63699288  .00000052  00000+0  00000+0 0  9990
2 54027   0.0149 231.6614 0001418 324.4492 283.4757  1.00271836 15076
ANGOSAT 2
1 54033U 22131A   26283.95216150  .00000000  00000+0  00000+0 0  9992
2 54033   0.0196 206.0610 0000179  74.6541 104.6100  1.00271523 14639
EUTELSAT HOTBIRD 13F
1 54048U 22134A   26283.71017046  .00000081  00000+0  00000+0 0  9997
2 54048   0.0591 286.3328 0002056  76.2727 285.3934  1.00272833 14537
LDPE-2
1 54219U 22144A   26282.79566432 -.00000107  00000+0  00000+0 0  9993
2 54219   5.8746  62.5633 0000457 312.7479 231.6481  0.98061250 12983
EUTELSAT HOTBIRD 13G
1 54225U 22146A   26283.71017046  .00000081  00000+0  00000+0 0  9997
2 54225   0.0454 237.8509 0001958 298.6198 111.5195  1.00272512  8622
ZHONGXING-19
1 54230U 22148A   26283.90863831 -.00000087  00000+0  00000+0 0  9994
2 54230   0.0146 225.3449 0004932 330.0642 314.3919  1.00272134 14546
GALAXY 31 (G-31)
1 54243U 22153A   26283.42049336  .00000005  00000+0  00000+0 0  9996
2 54243   0.0141 144.3075 0001244  54.7753 210.3312  1.00272439  8280
GALAXY 32 (G-32)
1 54244U 22153B   26283.15542266  .00000000  00000+0  00000+0 0  9992
2 54244   0.0108 207.0022 0000475  87.8158  48.8970  1.00269764 14293
EUTELSAT 10B
1 54259U 22157A   26283.94956149  .00000062  00000+0  00000+0 0  9996
2 54259   0.0598  94.9348 0001616  48.2703 228.1938  1.00268740 14189
GALAXY 35 (G-35)
1 54741U 22170A   26283.92917840 -.00000168  00000+0  00000+0 0  9998
2 54741   0.0176 179.9551 0001925  19.0867  61.9034  1.00271782 14053
GALAXY 36 (G-36)
1 54742U 22170B   26283.92995840 -.00000191  00000+0  00000+0 0  9991
2 54742   0.0149 200.3322 0001519 297.7463 127.2581  1.00272163 13949
METEOSAT-12 (MTG-I1)
1 54743U 22170C   26283.87631149 -.00000012  00000+0  00000+0 0  9997
2 54743   0.7622  23.4002 0003192  91.7874 219.4970  1.00276349 14137
SHIJIAN-23 (SJ-23)
1 55131U 23002A   26283.62128038  .00000102  00000+0  00000+0 0  9994
2 55131   4.0088  76.7925 0003393 227.4114 354.9100  1.00028127 13661
APSTAR-6E
1 55239U 23005A   26283.90283162 -.00000323  00000+0  00000+0 0  9993
2 55239   0.0172 225.5348 0004289 351.6621 261.3627  1.00272699 19869
USA 342
1 55263U 23008A   26281.24381022  .00000124  00000+0  00000+0 0  9990
2 55263   0.0159 240.6679 0000084 172.5401  75.3034  1.00272935 13650
ELEKTRO-L 4
1 55506U 23016A   26283.48636779 -.00000065  00000+0  00000+0 0  9994
2 55506   0.1115  69.4491 0002129 137.1540 153.4058  1.00275155 13498
AMAZONAS NEXUS
1 55508U 23017A   26281.37702962  .00000000  00000+0  00000+0 0  9999
2 55508   0.0159  70.6429 0001400  79.9194 301.1830  1.00267623  8182
ZHONGXING-26
1 55686U 23023A   26283.97235494 -.00000360  00000+0  00000+0 0  9992
2 55686   0.0619  61.0232 0001570  66.4591   7.2129  1.00269882 13399
LUCH-5X (OLYMP-K 2)
1 55841U 23031A   26283.60353940  .00000026  00000+0  00000+0 0  9999
2 55841   0.0198 116.9499 0001329  43.8355 137.7018  1.00272707 13091
GAOFEN-13 02
1 55912U 23036A   26283.56136605 -.00000225  00000+0  00000+0 0  9997
2 55912   1.0280  15.3750 0003916 297.4697  56.6624  1.00270782 13245
SES-18
1 55970U 23038A   26283.92718506 -.00000107  00000+0  00000+0 0  9998
2 55970   0.0274 268.7978 0002418 328.3242  13.1132  1.00272119 13263
SES-19
1 55971U 23038B   26283.70710654  .00000081  00000+0  00000+0 0  9991
2 55971   0.0322 275.7219 0001473 286.4545 296.8260  1.00273250 13252
INTELSAT 40E (IS-40E)
1 56174U 23052A   26281.35341053 -.00000189  00000+0  00000+0 0  9995
2 56174   0.0111 205.7622 0002567 354.3553 213.1239  1.00272226 12950
VIASAT-3 F1
1 56370U 23060A   26283.92995840 -.00000192  00000+0  00000+0 0  9990
2 56370   0.0240 246.7939 0000359 313.1503  65.4776  1.00271886 12597
ARCTURUS
1 56371U 23060B   26283.90005828 -.00000366  00000+0  00000+0 0  9990
2 56371   3.0655  78.4271 0001244 204.1736 180.7021  1.00270729 12624
GS-1
1 56372U 23060C   26283.89295157 -.00000174  00000+0  00000+0 0  9992
2 56372   3.0170  78.3525 0003114 261.6698  85.0765  1.00245517  8692
BEIDOU-3 G4
1 56564U 23066A   26283.92598909 -.00000287  00000+0  00000+0 0  9991
2 56564   0.4483   5.7529 0005644 207.7022 279.5049  1.00270826 12559
ARABSAT-7B (BADR-8)
1 56757U 23075A   26283.88151152  .00000139  00000+0  00000+0 0  9990
2 56757   0.0769  27.2042 0001599 325.1506  10.4892  1.00271121 12278
NVS-01 (IRNSS-1J)
1 56759U 23076A   26283.90196494 -.00000343  00000+0  00000+0 0  9992
2 56759   1.9002 238.8698 0007127   1.2433 233.5977  1.00276465 12279
NUSANTARA TIGA (SATRIA)
1 57045U 23086A   26283.26371792  .00000000  00000+0  00000+0 0  9996
2 57045   0.0212 351.6067 0003596 301.1336 327.0831  1.00273747 10912
H2SAT (HEINRICH HERTZ)
1 57213U 23093A   26282.94648170 -.00000007  00000+0  00000+0 0  9990
2 57213   0.0484  54.8715 0000153  33.5389 271.6099  1.00272519 12077
SYRACUSE 4B
1 57214U 23093B   26282.96627031 -.00000062  00000+0  00000+0 0  9997
2 57214   0.0164 229.6139 0000185  68.3610  62.0418  1.00271955  8113
JUPITER 3 (ECHOSTAR 24)
1 57479U 23108A   26280.22039297  .00000000  00000+0  00000+0 0  9996
2 57479   0.0181 178.8189 0001006  20.4380 160.7393  1.00269896 11787
GALAXY 37 (G-37)
1 57493U 23112A   26283.41792345  .00000000  00000+0  00000+0 0  9991
2 57493   0.0235 217.4799 0002016 345.4654 199.5237  1.00270792 11690
LUDI TANCE-4 01A
1 57624U 23120A   26283.79443782 -.00000196  00000+0  00000+0 0  9992
2 57624  15.0304 191.1182 0004939  53.0195 150.9247  1.00270522 11706
TJS-10
1 58204U 23169A   26283.72718602 -.00000254  00000+0  00000+0 0  9994
2 58204   2.8361  78.9919 0004295 140.4766 154.1180  1.00271264 10691
ZHONGXING-6E
1 58253U 23172A   26283.97044826 -.00000367  00000+0  00000+0 0  9994
2 58253   0.0221 126.2055 0002329  62.5409 295.7221  1.00270700 10829
YAOGAN-41
1 58582U 23197A   26283.97200828 -.00000372  00000+0  00000+0 0  9998
2 58582   2.9297 315.2180 0012517 214.0433 323.4251  1.00272028 10487
OVZON-3
1 58698U 24003A   26281.10843637  .00000036  00000+0  00000+0 0  9993
2 58698   0.0114 186.2240 0000037 120.4588 168.8376  1.00272968  8580
INSAT-3DS
1 58990U 24033A   26283.89260490 -.00000162  00000+0  00000+0 0  9990
2 58990   0.0475  85.7683 0001278 109.7889 227.3657  1.00273026 48225
MERAH PUTIH 2
1 58995U 24035A   26283.89867160 -.00000364  00000+0  00000+0 0  9998
2 58995   0.0163 231.0195 0000951 359.5673 225.4113  1.00272637  9748
TJS-11
1 59020U 24037A   26283.04323696 -.00000379  00000+0  00000+0 0  9994
2 59020   4.0585 328.6188 0003461 300.2069 237.8353  1.00286512  9735
HULIANWAN GAOGUI-01 (H*)
1 59069U 24040A   26283.74038668  .00000149  00000+0  00000+0 0  9994
2 59069   0.1003 342.1970 0002021  24.0480 313.2654  1.00274653  8486
EUTELSAT 36D
1 59346U 24059A   26283.66957970  .00000149  00000+0  00000+0 0  9999
2 59346   0.0192 219.2722 0000254 143.6805 293.2562  1.00270904  9308
PAKSAT-MM1
1 59915U 24104A   26280.24882920  .00000137  00000+0  00000+0 0  9992
2 59915   0.0179 194.3499 0001560  10.3606 298.9588  1.00275011  8650
ASTRA 1P (SES-24)
1 60086U 24115A   26283.09610385  .00000111  00000+0  00000+0 0  9997
2 60086   0.0632   8.8942 0002965 227.2914 196.3369  1.00266448  8346
GOES 19
1 60133U 24119A   26283.93274810 -.00000254  00000+0  00000+0 0  9995
2 60133   0.0182  30.7974 0000586 246.3797   2.9673  1.00270909  8129
ZHONGXING-3A
1 60179U 24122A   26283.81275730 -.00000320  00000+0  00000+0 0  9992
2 60179   0.0509  40.2325 0002473 185.1339 188.2253  1.00271308  8460
TURKSAT 6A
1 60233U 24127A   26283.83377920  .00000140  00000+0  00000+0 0  9993
2 60233   0.0219 186.0713 0004779  20.3285 155.1982  1.00272637  8176
HULIANWAN GAOGUI-02 (H*)
1 60327U 24135A   26283.91043856 -.00000179  00000+0  00000+0 0  9996
2 60327   0.0734 350.9438 0004392 351.5413 157.9256  1.00273156  8655
ZHONGXING-4A
1 60606U 24151A   26283.77753006 -.00000370  00000+0  00000+0 0  9996
2 60606   1.0222 269.8324 0001494  25.0636 122.5881  1.00267705  7913
HULIANWAN GAOGUI-03 (H*)
1 61503U 24181A   26283.59060964 -.00000248  00000+0  00000+0 0  9994
2 61503   0.0809 355.1524 0000528  77.8805  81.6573  1.00270138  7985
DSN-3 (KIRAMEKI-3)
1 61733U 24198A   26283.90482497 -.00000256  00000+0  00000+0 0  9990
2 61733   0.0145 142.0831 0001101  35.6858 311.5590  1.00272857  7080
KOREASAT 6A
1 61910U 24206A   26283.89927826 -.00000368  00000+0  00000+0 0  9999
2 61910   0.0292  97.0735 0000901  78.3097 283.8828  1.00274237  7009
OPTUS-X (ADS-01)
1 62006U 24212A   26283.90716498  .00000000  00000+0  00000+0 0  9998
2 62006   0.0162 214.4805 0002546 340.1704 307.8278  1.00269905  6929
GSAT-N2 (GSAT-20)
1 62028U 24214A   26283.88974488 -.00000025  00000+0  00000+0 0  9994
2 62028   0.0727  83.7443 0001339 240.5819  83.4232  1.00271365  7059
SXM-9
1 62259U 24234A   26283.85946721 -.00000212  00000+0  00000+0 0  9996
2 62259   0.0205 294.7924 0004022  16.0883 292.8479  1.00272956  6733
TJS-12
1 62374U 24246A   26283.90391657 -.00000238  00000+0  00000+0 0  9993
2 62374   0.4512 317.4925 0000800 170.7123   3.2254  1.00269942  6720
NUVIEW ALPHA
1 62455U 24252B   26283.85990054 -.00000221  00000+0  00000+0 0  9992
2 62455   0.0602  34.0824 0000317 253.1248 318.7279  1.00270233  4985
AGILA
1 62456U 24252C   26283.83615377 -.00000143  00000+0  00000+0 0  9996
2 62456   0.0431 115.3728 0001168  81.9561 280.1665  1.00273524  6329
NUVIEW BRAVO
1 62457U 24252D   26283.25201641 -.00000223  00000+0  00000+0 0  9997
2 62457   0.0707 148.2225 0001449  45.0088 193.2691  1.00270612  4944
THURAYA-4
1 62483U 25001A   26283.45741875  .00000132  00000+0  00000+0 0  9997
2 62483   0.0361  79.4627 0000355 321.3273 187.2544  1.00270099  5334
SHIJIAN-25 (SJ-25)
1 62485U 25002A   26283.48255689 -.00000355  00000+0  00000+0 0  9994
2 62485   5.3809  60.3578 0045837 175.9719  83.7215  1.00251735  6519
TJS-14
1 62804U 25017A   26283.87995150  .00000108  00000+0  00000+0 0  9997
2 62804   0.5445 308.6240 0003787 328.2196  77.8037  1.00273105  6433
SPAINSAT NG I
1 62852U 25021A   26283.95337485  .00000000  00000+0  00000+0 0  9996
2 62852   0.0157 223.4123 0000239 216.8451 311.4860  1.00270403  5146
QZS-6 (MICHIBIKI-6)
1 62876U 25023A   26283.89425157 -.00000240  00000+0  00000+0 0  9998
2 62876   0.0446  44.7669 0001964 151.6942 235.4790  1.00274786  6101
ZHONGXING-10R
1 63075U 25036A   26283.89823826 -.00000358  00000+0  00000+0 0  9999
2 63075   0.0212 217.6850 0004835 326.2219 269.5040  1.00271517  6110
TJS-15
1 63157U 25045A   26283.71572578 -.00000224  00000+0  00000+0 0  9998
2 63157   0.5011  84.2678 0001547 206.4584  74.9871  1.00272311  5910
TIANLIAN 2-04
1 63361U 25062A   26283.96351490 -.00000148  00000+0  00000+0 0  9994
2 63361   4.0838 272.8507 0033931   8.6627 164.9839  1.00272393  5768
TJS-16
1 63397U 25064A   26283.75901237 -.00000110  00000+0  00000+0 0  9991
2 63397   1.3903  80.4111 0002364 230.8909 142.0019  1.00271657  5558
TJS-17
1 63524U 25073A   26283.76100197 -.00000335  00000+0  00000+0 0  9999
2 63524   1.3568  81.4369 0021747  97.3373 251.6725  0.99554703  5442
TIANLIAN 2-05
1 63662U 25084A   26283.80902698  .00000111  00000+0  00000+0 0  9996
2 63662   4.1651 278.6056 0000523 274.7823 137.6151  1.00273385  5546
TJS-19
1 63924U 25097A   26283.76428899 -.00000099  00000+0  00000+0 0  9998
2 63924   3.1046 319.5541 0015989 267.6475 214.4083  1.00978590  5306
CHINASAT 3B
1 64062U 25106A   26283.76690679  .00000000  00000+0  00000+0 0  9991
2 64062   0.0164  76.6467 0002883 135.0121 251.0822  1.00272643  5225
SXM-10
1 64290U 25122A   26283.40539780 -.00000024  00000+0  00000+0 0  9995
2 64290   0.0178  30.5593 0002095 298.1617  80.0690  1.00271236  4834
COSMOS 2589
1 64467U 25131A   26283.76972301 -.00000351  00000+0  00000+0 0  9993
2 64467   0.2312  87.2622 0006806  41.5164 295.7711  1.00269338  4711
CHINASAT 9C
1 64470U 25132A   26283.89459824 -.00000254  00000+0  00000+0 0  9994
2 64470   0.0096 216.5339 0003105 334.0754 243.1656  1.00273283  5303
MTG-S1
1 64723U 25143A   26283.87631149 -.00000013  00000+0  00000+0 0  9990
2 64723   0.6498 337.1954 0003601 263.4288  94.1584  1.00270379  4572
DROR 1
1 64784U 25148A   26283.85100295 -.00000040  00000+0  00000+0 0  9993
2 64784   0.0177 240.7927 0001213  19.8482  61.1573  1.00271558  4462
SHIYAN-29
1 65486U 25196A   26282.86904196 -.00000282  00000+0  00000+0 0  9996
2 65486  28.9417  17.0938 0015348 180.5382 229.1375  1.00279831  4035
NUSANTARA LIMA (NUSANT*)
1 65588U 25205A   26283.39978516 -.00000365  00000+0  00000+0 0  9998
2 65588   0.0047 131.4736 0000437 135.6035   8.7221  1.00271820  3876
TJS-20
1 66142U 25238A   26283.74489271  .00000009  00000+0  00000+0 0  9999
2 66142   5.2198 299.1811 0003004 257.6786 153.1322  1.00273740  3492
CMS-03 (GSAT-7R)
1 66311U 25249B   26283.89052488 -.00000083  00000+0  00000+0 0  9994
2 66311   0.0334  85.8414 0000595 138.7746 189.4892  1.00272704  3506
VIASAT-3 F2
1 66454U 25261A   26283.93196809 -.00000240  00000+0  00000+0 0  9992
2 66454   0.0184 238.9001 0000951  10.0551  27.1230  1.00271775  3952
SHIJIAN-28 (SJ-28)
1 66549U 25277A   26283.89945160 -.00000373  00000+0  00000+0 0  9998
2 66549   4.2463 270.3535 0001521  73.7337 116.0279  1.00267736  3310
TJS-22
1 66990U 25290A   26283.88948488 -.00000015  00000+0  00000+0 0  9991
2 66990   1.2555 288.9615 0004659 330.5007 146.7300  1.00272332  3184
TJS-23
1 67226U 25306A   26283.28410389  .00000000  00000+0  00000+0 0  9993
2 67226   5.3342 296.9635 0004524 278.2566  81.4322  1.00272751  3045
FENGYUN 4C
1 67246U 25312A   26283.48297278 -.00000330  00000+0  00000+0 0  9991
2 67246   0.0131  84.8467 0000756 228.4709  12.6646  1.00272174  3023
SHIJIAN-29A (SJ-29A)
1 67302U 25315A   26283.96212823 -.00000071  00000+0  00000+0 0  9995
2 67302   3.6865  92.3094 0006868 100.1066 246.8499  1.00269215  2771
SHIJIAN-29B (SJ-29B)
1 67403U 25315C   26283.96212823 -.00000072  00000+0  00000+0 0  9998
2 67403   3.6856  92.3045 0007007 102.5866 244.4182  1.00270539  2841
ELEKTRO-L 5
1 67756U 26028A   26283.73503274 -.00000104  00000+0  00000+0 0  9995
2 67756   0.0673  56.9640 0001554 126.9855 176.0696  1.00271241  2409
JAM-E JAM 1
1 67757U 26028B   26283.83444291  .00000150  00000+0  00000+0 0  9990
2 67757   0.1708  23.3434 0000542 293.1869  37.4048  1.00279927  2272
ECHOSTAR 25
1 68126U 26045A   26283.92579839  .00000000  00000+0  00000+0 0  9991
2 68126   0.0202 208.1330 0001467 340.1921  54.4889  1.00270696  2151
TJS-24
1 69235U 26116A   26283.96550824 -.00000237  00000+0  00000+0 0  9992
2 69235   0.3017  87.1880 0001948 188.2423 182.0377  1.00270071  1399
SYNCOM 2 (A 26)
1 00634U 63031A   26283.60414606 -.00000024  00000+0  00000+0 0  9999
2 00634  29.7383 298.7998 0006967 216.8793 146.7645  1.00280845231527
SYNCOM 3
1 00858U 64047A   26283.74975400 -.00000352  00000+0  00000+0 0  9998
2 00858   7.2428  63.2384 0004938 167.3144 183.9034  1.00350542 54627
INTELSAT 1-F1
1 01317U 65028A   26283.43717584  .00000125  00000+0  00000+0 0  9999
2 01317   7.4322  62.4891 0008859 151.4659 170.8855  1.00229548128324
ATS 1
1 02608U 66110A   26283.76526013 -.00000119  00000+0  00000+0 0  9991
2 02608   5.2565  68.6824 0007362 186.9801 198.4574  1.00286696135966
INTELSAT 2-F2
1 02639U 67001A   26283.57112593 -.00000100  00000+0  00000+0 0  9998
2 02639   3.5425  75.8626 0007562 192.6805 214.9465  1.00149623120400
INTELSAT 2-F3
1 02717U 67026A   26283.89095823 -.00000106  00000+0  00000+0 0  9999
2 02717   4.3624  67.0621 0018375 222.1660 124.5176  1.00394549125057
INTELSAT 2-F4
1 02969U 67094A   26274.31604242 -.00000278  00000+0  00000+0 0  9991
2 02969   4.3398  72.9978 0012867 147.1620 216.1904  1.00325974116385
ATS 3
1 03029U 67111A   26283.92683839 -.00000092  00000+0  00000+0 0  9999
2 03029   3.4689  76.9390 0014915  41.5684 129.5700  1.00271883215796
LES-6
1 03431U 68081D   26283.64115291 -.00000091  00000+0  00000+0 0  9993
2 03431   1.7578  45.4585 0008105 285.6664 171.0043  1.00351973121945
OPS 0757 (TACSAT)
1 03691U 69013A   26283.88809821  .00000016  00000+0  00000+0 0  9998
2 03691   3.1370  73.4372 0023082 176.8712 148.2302  1.00448511115267
SKYNET 1A
1 04250U 69101A   26283.49910560 -.00000096  00000+0  00000+0 0  9997
2 04250   0.7309  80.6031 0026626 161.8285 211.4864  1.00267637135673
NATO 2A
1 04353U 70021A   26283.57121259 -.00000122  00000+0  00000+0 0  9992
2 04353   0.3088 350.3203 0004054 241.5323 251.8042  1.00277441126923
INTELSAT 3-F7
1 04376U 70032A   26283.79059053 -.00000270  00000+0  00000+0 0  9999
2 04376   2.7199  85.4811 0003696 197.4590 162.9688  1.00271400 48520
ATLAS AGENA D R/B
1 04511U 70046B   26283.48095493 -.00000092  00000+0  00000+0 0  9991
2 04511   1.9900  82.5263 0030574 311.1699  49.1662  1.00444390 26716
NATO 2B
1 04902U 71009A   26283.64175957 -.00000096  00000+0  00000+0 0  9991
2 04902   0.8851 236.9380 0003121 291.8588 336.6822  1.00271291119798
OPS 9431 (DSCS 2-1)
1 05587U 71095A   26283.92718506 -.00000104  00000+0  00000+0 0  9990
2 05587   1.3067 248.7906 0007017   1.5118 359.7536  1.00259756123189
OPS 9432 (DSCS 2-2)
1 05588U 71095B   26283.89451157 -.00000226  00000+0  00000+0 0  9998
2 05588   1.2658 250.5686 0003363  43.0030 139.8106  1.00151206 48520
INTELSAT 4-F4
1 05775U 72003A   26283.87111147 -.00000258  00000+0  00000+0 0  9991
2 05775   6.4805 293.4898 0000637 212.2147 161.0545  0.99837274138550
OPS 1570 (DSP 3)
1 05851U 72010A   26283.94098146 -.00000269  00000+0  00000+0 0  9997
2 05851   0.7049  91.2787 0010382 180.0750  53.3849  0.99781663 27088
INTELSAT 4-F5
1 06052U 72041A   26283.40715286 -.00000376  00000+0  00000+0 0  9996
2 06052   5.4527 285.7388 0004936 303.2480  56.4368  1.00112064 47818
OPS 6063
1 06380U 73013A   26283.89130490 -.00000101  00000+0  00000+0 0  9997
2 06380   0.1861 179.1932 0021984   2.9741 234.1568  1.00268604 27582
ANIK A2 (TELESAT 2)
1 06437U 73023A   26283.84014046 -.00000076  00000+0  00000+0 0  9995
2 06437   6.6695 295.0207 0008770  73.8643 130.4823  0.99805863 48306
OPS 6157 (DSP 4)
1 06691U 73040A   26283.84031380 -.00000049  00000+0  00000+0 0  9996
2 06691   0.7407 202.3100 0007784  74.0539 223.7309  0.99828959 27097
WESTAR 1
1 07250U 74022A   26283.77132682  .00000031  00000+0  00000+0 0  9998
2 07250   6.8510 297.1620 0004260  18.5751 171.0173  0.99905312123488
MOLNIYA 1-S
1 07392U 74060A   26283.89615825 -.00000305  00000+0  00000+0 0  9990
2 07392   1.1015 243.8349 0009018 297.8380 260.8428  1.00226906135330
WESTAR 2
1 07466U 74075A   26283.73778667  .00000041  00000+0  00000+0 0  9991
2 07466   7.0073 298.9307 0004675 249.4339 116.7844  0.99857153138815
INTELSAT 4-F8
1 07544U 74093A   26283.74056001  .00000096  00000+0  00000+0 0  9990
2 07544   7.7304 303.8037 0003679 240.6338 136.0751  0.99786120126361
SKYNET 2B
1 07547U 74094A   26283.90231162 -.00000338  00000+0  00000+0 0  9995
2 07547   3.2859 279.8187 0003009 257.9275 297.7319  1.00319685125923
SYMPHONIE 1
1 07578U 74101A   26283.90603830 -.00000261  00000+0  00000+0 0  9998
2 07578   4.2856 275.5917 0003939 335.2524 245.5540  0.99965413118357
ANIK A3 (TELESAT 3)
1 07790U 75038A   26283.57121259 -.00000106  00000+0  00000+0 0  9995
2 07790   7.4548 301.9945 0001718 301.0626 240.8888  1.00035293131117
SYMPHONIE 2
1 08132U 75077A   26283.94384147 -.00000198  00000+0  00000+0 0  9998
2 08132   3.7469 273.0247 0004733   8.9776  58.5501  0.99982259143616
INTELSAT 4A-F1
1 08330U 75091A   26283.84222047  .00000022  00000+0  00000+0 0  9998
2 08330   7.6304 303.5516 0006390 272.3602 294.6333  0.99936565122624
COSMOS 775
1 08357U 75097A   26283.83933687  .00000145  00000+0  00000+0 0  9997
2 08357   2.0703 257.7513 0009622 200.6414 261.5017  1.00301713132928
GOES 1 (SMS-C)
1 08366U 75100A   26283.70909987  .00000016  00000+0  00000+0 0  9991
2 08366   4.3193 276.0427 0005788 336.8712 257.3061  1.00298382186227
OPS 3165 (DSP 5)
1 08482U 75118A   26283.83814712 -.00000014  00000+0  00000+0 0  9993
2 08482   2.0068 254.4069 0034111  29.7828 204.5710  1.00455422 27614
RADUGA 1
1 08513U 75123A   26283.88905155  .00000006  00000+0  00000+0 0  9991
2 08513   2.5092 264.1608 0005712 308.1419 191.4969  1.00268615195974
TITAN 3C TRANSTAGE R/B
1 08516U 75118C   26283.91395729 -.00000197  00000+0  00000+0 0  9994
2 08516   1.9838 254.7648 0011303 228.6958 130.6440  1.00553335 26949
CTS
1 08585U 76004A   26283.70571986  .00000103  00000+0  00000+0 0  9999
2 08585   3.6385 270.2760 0017553 290.3255 291.4116  1.00248531123457
INTELSAT 4A-F2
1 08620U 76010A   26283.93439477 -.00000242  00000+0  00000+0 0  9994
2 08620   7.6575 303.1329 0007780 302.0941  43.7564  0.99686789621763
LES-8
1 08746U 76023A   26279.36470823 -.00000103  00000+0  00000+0 0  9995
2 08746  22.5922  35.6061 0032406 163.1537 200.5873  1.00268857130805
LES-9
1 08747U 76023B   26279.36531490 -.00000123  00000+0  00000+0 0  9996
2 08747  22.5536  35.6190 0024134 185.9183 181.2193  1.00269548130794
COMSTAR 1
1 08838U 76042A   26283.87197814 -.00000245  00000+0  00000+0 0  9992
2 08838   7.7311 303.8944 0005092 336.4741  30.9331  0.99830279121733
TITAN 3C TRANSTAGE R/B
1 08918U 76059C   26283.01306495 -.00000011  00000+0  00000+0 0  9993
2 08918   2.4426 258.5370 0009585 286.8710  72.4924  1.00556831 26606
PALAPA 1
1 09009U 76066A   26283.87119814 -.00000237  00000+0  00000+0 0  9994
2 09009   7.6554 304.2971 0005260 255.6486 107.3274  1.00106864129105
COMSTAR 2
1 09047U 76073A   26283.77505351  .00000102  00000+0  00000+0 0  9998
2 09047   7.6840 304.4117 0001914 288.4472 274.2230  0.99979516 48363
RADUGA 2
1 09416U 76092A   26283.89139156 -.00000111  00000+0  00000+0 0  9999
2 09416   3.1844 267.6421 0028496  40.7388 107.9480  1.00298575130504
KIKU-2 (ETS-II)
1 09852U 77014A   26283.87310481 -.00000181  00000+0  00000+0 0  9995
2 09852   4.9905 282.0488 0001404 286.9465 108.6759  1.00021844128382
TITAN 3C TRANSTAGE R/B
1 09855U 77007C   26282.94014131 -.00000193  00000+0  00000+0 0  9993
2 09855   3.1030 265.8854 0016279  46.7723 312.9096  1.00336669 26516
PALAPA 2
1 09862U 77018A   26276.51905911 -.00000222  00000+0  00000+0 0  9997
2 09862   8.4570 309.6336 0002334 156.7860  12.2229  1.00032349144195
RADUGA 3
1 10159U 77071A   26283.89572492 -.00000312  00000+0  00000+0 0  9990
2 10159   3.8258 271.8365 0010146 308.2566 219.8605  1.00338120178205
SIRIO
1 10294U 77080A   26283.60596608 -.00000105  00000+0  00000+0 0  9994
2 10294   6.9710 298.3529 0005536 171.4077 202.1487  1.00270632119089
EKRAN 2
1 10365U 77092A   26283.89087156 -.00000065  00000+0  00000+0 0  9995
2 10365   3.9453 273.1151 0039340   7.2777 132.7210  1.00216072136016
METEOSAT-1
1 10489U 77108A   26283.84300784 -.00000026  00000+0  00000+0 0  9997
2 10489   4.7913 279.9012 0007288  93.4813  14.0151  1.00383243138379
INTELSAT 4A-F3
1 10557U 78002A   26283.54018578 -.00000282  00000+0  00000+0 0  9995
2 10557   8.7816 311.9832 0005537 295.5866  68.4473  0.99902940 49904
INTELSAT 4A-F6
1 10778U 78035A   26283.90101161 -.00000381  00000+0  00000+0 0  9997
2 10778   8.5569 310.9854 0009095 309.9756 207.4465  1.00206487123327
OPS 8790
1 10787U 78038A   26283.84196047  .00000093  00000+0  00000+0 0  9999
2 10787   3.4509 326.7039 0020322 275.6664 266.7438  1.00470228 26425
YURI (BS)
1 10792U 78039A   26283.82485771  .00000131  00000+0  00000+0 0  9992
2 10792   5.1907 282.7792 0022251 319.2745 115.6240  1.00284908119926
RADUGA 4
1 10987U 78073A   26283.67425971  .00000050  00000+0  00000+0 0  9995
2 10987   4.4988 277.2268 0010961  30.2729  14.0768  1.00200886120761
EKRAN 3
1 11273U 79015A   26283.89598492 -.00000313  00000+0  00000+0 0  9997
2 11273   4.8350 280.3740 0041917   9.4045 151.2746  1.00285124136171
RADUGA 5
1 11343U 79035A   26283.89321157 -.00000197  00000+0  00000+0 0  9999
2 11343   5.0090 281.1874 0004004 243.4277 261.5279  1.00264510130528
GORIZONT 2
1 11440U 79062A   26283.68794793  .00000032  00000+0  00000+0 0  9991
2 11440   5.4576 284.7740 0006867 338.4272  63.5349  1.00275344139185
WESTAR 3
1 11484U 79072A   26283.67495306  .00000042  00000+0  00000+0 0  9998
2 11484  10.0791 320.4409 0003767 303.2804  61.6228  0.99935975141673
EKRAN 4
1 11561U 79087A   26283.89321157 -.00000193  00000+0  00000+0 0  9994
2 11561   5.3129 283.6214 0009306 245.8837 256.9315  1.00227073 48530
SL-12 R/B(2)
1 11568U 75123F   26283.94323480 -.00000140  00000+0  00000+0 0  9997
2 11568   2.2535 261.2288 0013519 227.7966 208.1316  1.00484041123163
EKRAN 2 DEB
1 11581U 77092H   26283.89598492 -.00000325  00000+0  00000+0 0  9995
2 11581   3.8490 272.4429 0019449 279.7926 249.3340  1.00365398105524
GORIZONT 3
1 11648U 79105A   26283.74151334  .00000132  00000+0  00000+0 0  9995
2 11648   5.6526 286.7522 0012717 277.1683 122.1730  1.00261307123642
OPS 6393 (FLTSATCOM 3)
1 11669U 80004A   26283.70641319  .00000084  00000+0  00000+0 0  9997
2 11669   5.9431 306.5141 0023496 251.1057 298.2127  1.00176805171011
SL-12 R/B(2)
1 11676U 75097F   26283.89945160 -.00000362  00000+0  00000+0 0  9992
2 11676   2.0670 258.1636 0021490 235.1159 326.7960  1.00109013120293
RADUGA 6
1 11708U 80016A   26283.82485854  .00000129  00000+0  00000+0 0  9997
2 11708   5.4381 285.5469 0003103 322.6456 109.7473  1.00276148123325
RADUGA 7
1 12003U 80081A   26283.87119814 -.00000208  00000+0  00000+0 0  9992
2 12003   5.6748 288.2077 0012545 318.2164  60.8861  1.00279433124470
SBS 1
1 12065U 80091A   26283.80859365  .00000014  00000+0  00000+0 0  9990
2 12065   9.8010 317.0575 0008375 215.0391 156.6366  0.99825763 47638
EKRAN 6
1 12120U 80104A   26283.60440606 -.00000036  00000+0  00000+0 0  9994
2 12120   5.9741 289.6839 0004532  61.3175 312.3191  1.00320599128578
ESIAFI 1 (COMSTAR 4)
1 12309U 81018A   26283.60911262 -.00000088  00000+0  00000+0 0  9996
2 12309   8.4853 310.5225 0001617  42.8503 317.0304  1.00283518168607
SL-12 R/B(2)
1 12447U 80081F   26283.93370144 -.00000254  00000+0  00000+0 0  9997
2 12447   5.8990 289.3099 0004634  36.6228 319.5266  0.99961067165534
GOES 5
1 12472U 81049A   26283.70684653  .00000062  00000+0  00000+0 0  9994
2 12472   9.1600 314.9875 0004597 312.3524 230.5562  1.00236001124009
APPLE
1 12545U 81057B   26283.90014494 -.00000375  00000+0  00000+0 0  9994
2 12545   6.7744 295.9638 0026470 234.9921 293.0370  1.00041820123543
EKRAN 7
1 12564U 81061A   26283.60501274 -.00000044  00000+0  00000+0 0  9997
2 12564   6.2624 292.1495 0003907  33.7199 340.7880  1.00215793130678
RADUGA 9
1 12618U 81069A   26283.67070637  .00000127  00000+0  00000+0 0  9997
2 12618   6.3265 292.6449 0001623 259.7526 109.7754  1.00228252 48508
SBS 2
1 12855U 81096A   26283.80677363  .00000005  00000+0  00000+0 0  9999
2 12855  10.0854 320.7527 0007947 254.7826 102.9307  1.00153111119767
RADUGA 10
1 12897U 81102A   26283.60769941 -.00000191  00000+0  00000+0 0  9992
2 12897   6.4470 293.9831 0003969 272.5350 114.6887  1.00286902118504
SATCOM 3R
1 12967U 81114A   26283.49634249 -.00000236  00000+0  00000+0 0  9992
2 12967  11.9599 331.1111 0006089 300.4990  77.9831  1.00138738129222
EKRAN 2 DEB
1 12996U 77092J   26283.77236683  .00000091  00000+0  00000+0 0  9993
2 12996   4.0145 273.3240 0024216 297.6083 281.9809  1.00049731 85661
WESTAR 4
1 13069U 82014A   26283.53030839 -.00000266  00000+0  00000+0 0  9999
2 13069  12.5214 334.1677 0006073 282.5611 249.4101  0.99770267 47591
INSAT-1A
1 13129U 82031A   26283.90005828 -.00000382  00000+0  00000+0 0  9995
2 13129   6.8781 297.5995 0007872  58.4820 107.2339  1.00258856167593
COSMOS 1366
1 13177U 82044A   26283.60735274 -.00000175  00000+0  00000+0 0  9994
2 13177   8.0422 296.2459 0006421 132.1489 251.1827  1.00265307134777
ANIK D1 (TELESAT 6)
1 13431U 82082A   26283.80914550  .00000096  00000+0  00000+0 0  9998
2 13431  12.0836 332.1389 0006332 320.7330  42.9389  1.00120162 47767
EKRAN 9
1 13554U 82093A   26283.67521306  .00000001  00000+0  00000+0 0  9990
2 13554   6.8357 298.9175 0027186  10.8360  16.9892  1.00209776121160
GORIZONT 6
1 13624U 82103A   26283.70459319  .00000099  00000+0  00000+0 0  9995
2 13624   7.0959 301.1624 0003619 337.2103 207.2669  1.00348747122105
SL-12 R/B(2)
1 13630U 82103E   26283.83918713 -.00000017  00000+0  00000+0 0  9995
2 13630   7.0537 301.0386 0011510 201.8966 350.9689  1.00324054122664
SATCOM C5
1 13631U 82105A   26283.15170037 -.00000118  00000+0  00000+0 0  9994
2 13631  11.9713 331.7126 0001567  44.9314 311.6621  1.00273988127520
SBS 3
1 13651U 82110B   26283.50907231 -.00000301  00000+0  00000+0 0  9999
2 13651  12.3843 333.5848 0004905 145.6311  28.0864  0.99930076 47699
ANIK C3 (TELESAT 5)
1 13652U 82110C   26279.84868104 -.00000074  00000+0  00000+0 0  9994
2 13652  12.3616 333.4252 0001804 264.2176 260.0020  0.99916218 47625
RADUGA 12
1 13974U 83028A   26283.67555972 -.00000034  00000+0  00000+0 0  9998
2 13974   7.9646 305.5513 0002124 325.9469  57.2683  1.00283313170546
SL-12 R/B(2)
1 13983U 83028F   26283.63889956  .00000003  00000+0  00000+0 0  9991
2 13983   7.9934 305.6156 0024187 229.1686 315.5201  1.00036217158966
SATCOM 1R
1 13984U 83030A   26283.54923119 -.00000362  00000+0  00000+0 0  9994
2 13984  13.1089 337.6884 0005865 162.5210 212.0239  0.99858925131637
GOES 6
1 14050U 83041A   26283.70719321  .00000050  00000+0  00000+0 0  9990
2 14050  10.0147 320.5300 0003576 271.3585 267.5948  1.00274715217176
SL-12 R/B(2)
1 14114U 82044F   26270.83139514 -.00000069  00000+0  00000+0 0  9994
2 14114   7.9545 295.6128 0015518 206.7500 156.3840  1.00275900 48379
PALAPA B1
1 14134U 83059C   26283.44398536 -.00000215  00000+0  00000+0 0  9998
2 14134  11.4469 328.7377 0000950 181.6289   6.2869  1.00204331121948
GALAXY 1 (G-1)
1 14158U 83065A   26283.31022541  .00000096  00000+0  00000+0 0  9993
2 14158  13.5181 340.8256 0004212 274.7983  81.6399  1.00128557 47777
SL-12 R/B(2)
1 14195U 81102F   26283.33328834 -.00000191  00000+0  00000+0 0  9997
2 14195   6.3447 293.5165 0009489 242.0791 117.6039  1.00242601124158
INSAT-1B
1 14318U 83089B   26283.81631678  .00000107  00000+0  00000+0 0  9992
2 14318  11.0150 326.2894 0014240 251.0734 123.7321  1.00217298126372
GALAXY 2 (G-2)
1 14365U 83098A   26283.90941832 -.00000081  00000+0  00000+0 0  9992
2 14365  13.5341 341.1188 0002283 145.4447  27.8502  1.00237133133391
EKRAN 11
1 14377U 83100A   26283.53966354 -.00000245  00000+0  00000+0 0  9996
2 14377   7.5319 303.8129 0004215 320.8144  38.9895  1.00222799 48533
INTELSAT 507
1 14421U 83105A   26283.49743476 -.00000224  00000+0  00000+0 0  9991
2 14421  11.8352 330.3791 0001965 181.2493 209.0342  0.99702073138389
RADUGA 14
1 14725U 84016A   26283.60830609 -.00000225  00000+0  00000+0 0  9999
2 14725   8.3531 310.1363 0001690 220.7719 153.8613  1.00274435119264
COSMOS 1540
1 14783U 84022A   26283.60709274 -.00000166  00000+0  00000+0 0  9997
2 14783   9.0800 303.5077 0009154 295.2406  79.2258  1.00276281122188
COSMOS 1546
1 14867U 84031A   26283.67607972 -.00000056  00000+0  00000+0 0  9997
2 14867   8.4629 310.7862 0024298  17.3960   3.2726  1.00273032 48533
STTW-T2
1 14899U 84035A   26283.60908609 -.00000239  00000+0  00000+0 0  9993
2 14899   9.2645 317.2562 0007030 208.2162 163.5098  1.00163478 48538
GORIZONT 9
1 14940U 84041A   26283.60960609 -.00000274  00000+0  00000+0 0  9994
2 14940   8.5360 311.6733 0006439 295.7285  84.1461  1.00243669123108
ZHONGXING-5
1 14985U 84049A   26283.67763972 -.00000067  00000+0  00000+0 0  9992
2 14985  14.3066 347.4309 0012667 242.5790 109.4494  0.99976498132457
RADUGA 15
1 15057U 84063A   26283.81764045  .00000120  00000+0  00000+0 0  9996
2 15057   8.5178 311.1260 0003614 244.9250 148.2288  1.00213756142266
GORIZONT 10
1 15144U 84078A   26283.77150015  .00000078  00000+0  00000+0 0  9992
2 15144   8.6800 312.7095 0003913 328.5895 206.2716  1.00286351155733
HIMAWARI-3 (GMS-3)
1 15152U 84080A   26283.81743991  .00000069  00000+0  00000+0 0  9990
2 15152  10.4593 322.9634 0004675 162.9183 216.1676  0.99833729153805
SL-12 R/B(2)
1 15181U 84078F   26283.54217912 -.00000380  00000+0  00000+0 0  9995
2 15181   8.7641 313.0732 0022032 219.7751 153.7497  1.00236269124174
TELSTAR 302
1 15237U 84093D   26283.55259975 -.00000362  00000+0  00000+0 0  9990
2 15237  14.0698 344.4977 0004056 212.8332 156.4205  0.99784840 47599
GALAXY 3 (G-3)
1 15308U 84101A   26278.33184008  .00000060  00000+0  00000+0 0  9997
2 15308  14.0384 344.2785 0003424  13.5051   5.5080  0.99833471 47586
ZHONGXING-5R
1 15385U 84114A   26276.89239463 -.00000090  00000+0  00000+0 0  9995
2 15385  14.6405 351.1791 0005609  99.0013 248.5502  0.99764830128051
GORIZONT 11
1 15484U 85007A   26283.93716811 -.00000312  00000+0  00000+0 0  9994
2 15484   8.9579 314.8899 0004345 268.8935  80.2516  1.00196579153785
ARABSAT-1A
1 15560U 85015A   26283.80972031  .00000098  00000+0  00000+0 0  9992
2 15560  11.7068 330.4973 0036627 243.2198 120.4939  1.00197631127178
COSMOS 1629
1 15574U 85016A   26283.70528653  .00000082  00000+0  00000+0 0  9997
2 15574   8.9260 313.8059 0008119 276.1046 259.4177  1.00359311151615
GSTAR 1
1 15677U 85035A   26283.24345420 -.00000121  00000+0  00000+0 0  9995
2 15677  14.2788 347.8332 0003845 179.9302 193.4865  1.00272156126367
TELECOM 1B
1 15678U 85035B   26283.87119814 -.00000221  00000+0  00000+0 0  9992
2 15678   9.9592 320.2028 0002981 298.9287  47.8012  1.00301426138174
ARABSAT-1B
1 15825U 85048C   26283.49894189 -.00000077  00000+0  00000+0 0  9992
2 15825  12.2585 333.3058 0011564  14.2030  15.6399  1.00384284136595
TELSTAR 303
1 15826U 85048D   26283.23655178  .00000038  00000+0  00000+0 0  9994
2 15826  14.1427 345.4085 0005400 254.8475  99.5513  0.99870146 47643
INTELSAT 511
1 15873U 85055A   26283.74420002  .00000085  00000+0  00000+0 0  9998
2 15873  13.0999 337.9116 0009477 114.9781 247.2553  1.00077751125672
RADUGA 16
1 15946U 85070A   26283.70433318  .00000095  00000+0  00000+0 0  9997
2 15946   9.2205 316.1347 0003408 300.9607 226.7977  1.00346820123381
OPTUS A1 (AUSSAT 1)
1 15993U 85076B   26283.57667262 -.00000227  00000+0  00000+0 0  9995
2 15993  13.1952 338.0208 0003017 337.1545 198.0513  0.99759590120747
ASC 1
1 15994U 85076C   26283.15762981 -.00000233  00000+0  00000+0 0  9991
2 15994  13.7297 342.4749 0001205 185.3058 181.6063  1.00296557119135
COSMOS 1700
1 16199U 85102A   26283.60986609 -.00000293  00000+0  00000+0 0  9990
2 16199   9.5244 318.1805 0006538 252.4809 122.2216  1.00281297152835
SL-12 R/B(2)
1 16214U 85102D   26283.54105245 -.00000384  00000+0  00000+0 0  9991
2 16214   9.2584 317.3450 0019049 164.7784 198.4833  1.00631171126013
RADUGA 17
1 16250U 85107A   26283.81452154  .00000090  00000+0  00000+0 0  9993
2 16250   9.4171 317.7033 0014254 242.0321 135.8612  1.00160317152836
OPTUS A2 (AUSSAT 2)
1 16275U 85109C   26283.51011231 -.00000307  00000+0  00000+0 0  9998
2 16275  13.2717 339.2976 0005540 302.2053 231.5421  0.99946699 47686
STTW-1
1 16526U 86010A   26283.67391304  .00000039  00000+0  00000+0 0  9999
2 16526  10.4401 322.8358 0004228 296.5737  60.1009  1.00223493156617
GSTAR 2
1 16649U 86026A   26283.94340814 -.00000248  00000+0  00000+0 0  9995
2 16649  14.1402 344.9837 0001414   1.5683 351.2047  0.99802612117795
BRASILSAT 2
1 16650U 86026B   26271.15583058 -.00000204  00000+0  00000+0 0  9998
2 16650  14.5002 349.6314 0004015 306.4528  54.4957  0.99638664 47411
COSMOS 1738
1 16667U 86027A   26276.81866712 -.00000086  00000+0  00000+0 0  9994
2 16667  10.0784 317.0442 0011613 160.1535 182.8728  1.00275741148435
GORIZONT 12
1 16769U 86044A   26283.54105245 -.00000364  00000+0  00000+0 0  9990
2 16769   9.8709 320.4576 0005437 310.1244  50.0182  1.00244010148411
SL-12 R/B(2)
1 17125U 86090D   26282.54354894 -.00000369  00000+0  00000+0 0  9998
2 17125  10.1712 322.0366 0008652 196.3738 163.5166  1.00196225146016
GOES 7
1 17561U 87022A   26283.47768284 -.00000269  00000+0  00000+0 0  9992
2 17561  12.8236 336.8326 0002078   5.1174 141.9274  0.99897024128119
AGILA 1 (PALAPA B2P)
1 17706U 87029A   26283.34527159  .00000057  00000+0  00000+0 0  9994
2 17706  14.3245 347.3004 0000774 342.4064  11.0232  0.99915966 43677
SL-12 R/B(2)
1 17872U 76092F   26283.88679821  .00000089  00000+0  00000+0 0  9994
2 17872   3.1693 268.2287 0015357 206.5676 277.0550  1.00260358120089
SL-12 R/B(2)
1 17873U 79035E   26270.39979328 -.00000211  00000+0  00000+0 0  9990
2 17873   4.9688 280.8846 0027200 259.0592 303.5699  1.00187130186193
SL-12 R/B(2)
1 17874U 84016F   26283.77839013 -.00000256  00000+0  00000+0 0  9997
2 17874   8.3566 310.2152 0035274 234.0943 204.3881  1.00317313124010
COSMOS 1888
1 18384U 87084A   26283.81445571  .00000093  00000+0  00000+0 0  9997
2 18384  10.6409 325.3891 0003510 266.0598 104.5215  1.00202861142850
SL-12 R/B(2)
1 18387U 87084D   26281.81302196  .00000041  00000+0  00000+0 0  9996
2 18387  10.7998 325.9825 0030695 255.4491 106.8305  1.00051359149911
COSMOS 1894
1 18443U 87091A   26283.93924812 -.00000301  00000+0  00000+0 0  9997
2 18443  10.5939 324.8334 0003332 353.5968 356.7215  1.00216241121972
SL-12 R/B(2)
1 18446U 87091D   26283.67841973 -.00000144  00000+0  00000+0 0  9992
2 18446  10.6287 325.0077 0023789 269.5442 109.4472  1.00143415131162
COSMOS 1897
1 18575U 87096A   26283.61047275 -.00000318  00000+0  00000+0 0  9990
2 18575  10.8721 326.1799 0005831 170.0148 200.3662  1.00271278142354
SL-12 R/B(2)
1 18578U 87096D   26283.90707831 -.00000123  00000+0  00000+0 0  9990
2 18578  10.6606 325.4430 0023705 252.6959 283.6116  1.00555156139194
RADUGA 21
1 18631U 87100A   26283.50794564 -.00000317  00000+0  00000+0 0  9996
2 18631  11.1445 324.4856 0002027 293.8103 243.1372  1.00319645142240
STTW-2
1 18922U 88014A   26283.68006640 -.00000245  00000+0  00000+0 0  9994
2 18922  13.1708 338.8505 0004660 195.3780 178.7241  1.00279270141278
SPACENET 3R
1 18951U 88018A   26283.15767140 -.00000168  00000+0  00000+0 0  9995
2 18951  14.7167 358.7994 0005898 255.7655  98.3120  0.99657759125752
SL-12 R/B(2)
1 19076U 88034D   26283.52648208 -.00000372  00000+0  00000+0 0  9993
2 19076  11.1186 326.8256 0023240 198.0038 156.3483  1.00094765140259
INSAT-1C
1 19330U 88063A   26278.75611221  .00000022  00000+0  00000+0 0  9993
2 19330  11.1806 327.0649 0007430 182.4485 196.0606  1.00248866121458
COSMOS 1961
1 19344U 88066A   26283.67729306 -.00000118  00000+0  00000+0 0  9999
2 19344  11.3247 328.9817 0003447 197.1863 171.8173  1.00260265140175
GORIZONT 16
1 19397U 88071A   26283.53704809 -.00000383  00000+0  00000+0 0  9993
2 19397  11.3918 329.0785 0010512  87.4946 277.1615  0.99977805139393
SL-12 R/B(2)
1 19400U 88071D   26259.40399765  .00000064  00000+0  00000+0 0  9993
2 19400  11.1424 328.4632 0020505 244.4181 147.0400  1.00550750133627
GSTAR 3
1 19483U 88081A   26283.15154866 -.00000124  00000+0  00000+0 0  9993
2 19483  10.8999 317.4713 0006962 228.0369 142.4949  1.00272397135757
SBS 5
1 19484U 88081B   26274.89844073 -.00000017  00000+0  00000+0 0  9992
2 19484  14.6287   0.1060 0006451 308.6550  39.0164  0.99795667 47525
RADUGA 22
1 19596U 88095A   26283.81438913  .00000088  00000+0  00000+0 0  9992
2 19596  11.4116 329.3969 0005782 212.3363 153.1890  1.00219970122819
STTW-3
1 19710U 88111A   26283.82174196  .00000117  00000+0  00000+0 0  9993
2 19710  13.9915 344.6867 0004794 207.4458 160.5340  1.00281924132002
IUS R/B(2)
1 19913U 89021D   26283.85114184 -.00000059  00000+0  00000+0 0  9999
2 19913   8.5294 320.0486 0023124 198.5570 156.1413  1.00600575126816
RADUGA 23
1 19928U 89030A   26283.67625306 -.00000043  00000+0  00000+0 0  9991
2 19928  11.6734 331.2291 0020516 215.0879 145.9461  1.00180414136010
SUPERBIRD-A
1 20040U 89041A   26282.94546152 -.00000251  00000+0  00000+0 0  9991
2 20040  12.0490 331.5389 0004373 208.8918 157.1232  0.99755963135619
DFS 1
1 20041U 89041B   26283.94583481 -.00000035  00000+0  00000+0 0  9999
2 20041  13.9350 345.6630 0014778 299.5929  66.1002  1.00652217125668
TVSAT 2
1 20168U 89062A   26277.60664170  .00000102  00000+0  00000+0 0  9997
2 20168  14.6889 354.9366 0010107 215.2623  63.5011  0.99844877135596
GORIZONT 19
1 20263U 89081A   26283.82492428  .00000113  00000+0  00000+0 0  9992
2 20263  11.9538 332.7279 0006269 283.3282 103.5368  1.00225106 48506
RADUGA 24
1 20367U 89098A   26283.60995275 -.00000279  00000+0  00000+0 0  9993
2 20367  12.3816 332.9796 0003917 294.4870  65.8054  1.00222176134124
COSMOS 2054
1 20391U 89101A   26283.84265381  .00000077  00000+0  00000+0 0  9994
2 20391  12.1215 333.4571 0004279 243.4514 295.7953  1.00311811135027
STTW-4
1 20473U 90011A   26283.68084641 -.00000271  00000+0  00000+0 0  9994
2 20473  14.0996 345.5341 0002981 193.7638 177.9893  1.00240166134203
RADUGA 25
1 20499U 90016A   26283.23808737 -.00000013  00000+0  00000+0 0  9992
2 20499  12.2049 333.9223 0006418 228.2583 142.7458  1.00167929134068
INSAT-1D
1 20643U 90051A   26283.74914005 -.00000142  00000+0  00000+0 0  9997
2 20643  14.5949 353.0634 0017067 201.2606 172.6454  1.00259225119917
GORIZONT 20
1 20659U 90054A   26283.60986609 -.00000290  00000+0  00000+0 0  9995
2 20659  12.5711 335.2575 0006671 252.2409 105.3777  1.00296797132844
SL-12 R/B(2)
1 20662U 90054D   26283.71108728 -.00000025  00000+0  00000+0 0  9995
2 20662  12.4099 334.6696 0012393 109.0379 251.0652  1.00519194132958
COSMOS 2085
1 20693U 90061A   26283.67651306 -.00000076  00000+0  00000+0 0  9993
2 20693  12.5631 335.6928 0012947  27.0185 330.9052  1.00278487132658
SL-12 R/B(2)
1 20696U 90061D   26283.61237943 -.00000354  00000+0  00000+0 0  9996
2 20696  12.5260 335.5571 0033467 224.0788 146.9817  1.00204619131569
SL-12 R/B(2)
1 20836U 74060F   26283.89728492 -.00000332  00000+0  00000+0 0  9993
2 20836   1.0880 241.6044 0014680 244.6806 322.0408  1.00204063 47161
GALAXY 6 (G-6)
1 20873U 90091B   26283.41616522  .00000030  00000+0  00000+0 0  9998
2 20873  14.1024   9.1309 0007060 234.3819 120.8679  0.99765154 47593
GORIZONT 21
1 20923U 90094A   26283.74636670  .00000008  00000+0  00000+0 0  9994
2 20923  12.6287 335.9579 0007724 272.2164 103.7533  1.00151861131616
GORIZONT 22
1 20953U 90102A   26283.54393941 -.00000373  00000+0  00000+0 0  9992
2 20953  12.6204 336.4255 0004825 343.4966  21.9896  1.00214502131531
RADUGA 26
1 21016U 90112A   26283.74489336  .00000041  00000+0  00000+0 0  9991
2 21016  12.7361 337.1009 0002385 130.4316 236.1763  1.00298038131421
SL-12 R/B(2)
1 21019U 90112D   26283.67763972 -.00000072  00000+0  00000+0 0  9992
2 21019  12.7963 337.2696 0025860 189.7409 172.5499  1.00009098121095
RADUGA-1 2
1 21038U 90116A   26283.74506670  .00000045  00000+0  00000+0 0  9994
2 21038  12.7766 337.1237 0003725 149.8755 217.6329  1.00231243 48500
ITALSAT 1
1 21055U 91003A   26283.68041307 -.00000195  00000+0  00000+0 0  9990
2 21055  14.5217 350.6081 0008560  53.6727 310.8122  0.99953839118245
COSMOS 2133
1 21111U 91010A   26283.67746639 -.00000116  00000+0  00000+0 0  9993
2 21111  13.1692 341.9489 0006422 213.2129 143.3837  1.00259836130593
SL-12 R/B(2)
1 21129U 91010F   26283.61385278 -.00000372  00000+0  00000+0 0  9998
2 21129  13.0752 341.5511 0018759 237.0845 136.1347  1.00119022130830
RADUGA 27
1 21132U 91014A   26283.54393958 -.00000366  00000+0  00000+0 0  9995
2 21132  13.2318 335.9856 0001873 283.2029  83.4623  1.00291890130474
IUS R/B(2)
1 21641U 91054D   26273.96424791 -.00000196  00000+0  00000+0 0  9990
2 21641  13.6310 332.0884 0036101 349.7967  10.4309  1.00312049 48429
COSMOS 2155
1 21702U 91064A   26283.41261187  .00000002  00000+0  00000+0 0  9993
2 21702  13.0283 338.4425 0004093 247.5281 119.5470  1.00250073128494
SL-12 R/B(2)
1 21703U 91064B   26283.34691825  .00000084  00000+0  00000+0 0  9992
2 21703  13.2347 339.1138 0002311 340.7629  30.4143  0.99892890121307
SL-12 R/B(2)
1 21762U 91074D   26261.92518205 -.00000048  00000+0  00000+0 0  9999
2 21762  13.3815 340.6954 0003019 245.7513 114.9639  0.99708786120619
COSMOS 2172
1 21789U 91079A   26275.05800715 -.00000266  00000+0  00000+0 0  9994
2 21789  13.1658 339.5828 0003215 340.9769  35.9719  1.00225892 48432
RADUGA 28
1 21821U 91087A   26283.67989307 -.00000254  00000+0  00000+0 0  9999
2 21821  13.2804 340.2142 0005285 207.8297 164.0033  1.00358185127485
PALAPA B4
1 21964U 92027A   26283.24445633 -.00000080  00000+0  00000+0 0  9991
2 21964  13.3535  16.4240 0000917 277.8095  69.7340  0.99930679 48335
INSAT-2A
1 22027U 92041A   26283.49795825 -.00000248  00000+0  00000+0 0  9992
2 22027  14.4663 350.9294 0011404 276.5498  79.5858  1.00226989125201
COSMOS 2209
1 22112U 92059A   26283.15626832 -.00000210  00000+0  00000+0 0  9999
2 22112  13.5081 341.7936 0011616 342.5696  23.1964  1.00165626124774
HELLAS-SAT 1 (DFS 3)
1 22175U 92066A   26283.74419630 -.00000352  00000+0  00000+0 0  9994
2 22175  14.3038   6.1818 0002585 223.4979 180.1729  0.99731785121706
GALAXY 7 (G-7)
1 22205U 92072A   26283.23913847  .00000031  00000+0  00000+0 0  9991
2 22205  14.5524   2.4010 0003770  41.5570 301.2648  0.99700617118025
EKRAN 20
1 22210U 92074A   26283.67815973 -.00000167  00000+0  00000+0 0  9999
2 22210  13.6214 343.4520 0005412 231.8681 127.1380  1.00327009 48521
GORIZONT 27
1 22245U 92082A   26283.44320536 -.00000240  00000+0  00000+0 0  9999
2 22245  13.6461 343.1257 0011092  24.2840 143.3642  1.00206171128277
COSMOS 2224
1 22269U 92088A   26283.08180378 -.00000312  00000+0  00000+0 0  9999
2 22269  13.5932 347.1383 0008208 267.4246 100.6562  1.00197772123240
SL-12 R/B(2)
1 22272U 92088D   26268.27128191  .00000081  00000+0  00000+0 0  9994
2 22272  13.7052 347.7134 0009092 175.6449 133.2019  1.00069805 48280
RADUGA 29
1 22557U 93013A   26283.54642580 -.00000340  00000+0  00000+0 0  9998
2 22557  13.7748 344.2505 0003760 200.1071 165.3628  1.00288219122842
HGS-4 (GALAXY 4)
1 22694U 93039A   26283.74792671 -.00000086  00000+0  00000+0 0  9994
2 22694  14.5608 354.2422 0010695  47.8408 318.2644  1.00271089120169
HISPASAT 1B
1 22723U 93048A   26282.84728588  .00000023  00000+0  00000+0 0  9993
2 22723  13.8165  12.2315 0004578 277.0869 104.3835  0.99715717120989
INSAT-2B
1 22724U 93048B   26283.50206348 -.00000208  00000+0  00000+0 0  9999
2 22724  14.4866   1.7040 0018392 229.0303 127.7311  0.99990238121726
RADUGA 30
1 22836U 93062A   26283.67755306 -.00000120  00000+0  00000+0 0  9993
2 22836  13.9636 346.2816 0005469 317.3489  35.2101  1.00258648 47153
SL-12 R/B(2)
1 22839U 93062D   26258.93154807  .00000049  00000+0  00000+0 0  9995
2 22839  13.9116 346.1862 0007382  96.3744 258.4211  1.00316719119765
GORIZONT 29
1 22907U 93072A   26275.89915300  .00000015  00000+0  00000+0 0  9992
2 22907  13.9420 346.5339 0010620 358.0208   0.4788  1.00155562120240
SOLIDARIDAD 1
1 22911U 93073A   26283.24523118 -.00000142  00000+0  00000+0 0  9990
2 22911  14.4140   1.4921 0010958 247.8182 116.0409  1.00276124119020
TELSTAR 401
1 22927U 93077A   26283.15278091 -.00000143  00000+0  00000+0 0  9999
2 22927  14.4212 349.9724 0007907 180.5912 161.2447  1.00285912119728
GALS 1
1 22963U 94002A   26283.77969299 -.00000266  00000+0  00000+0 0  9999
2 22963  14.5155 352.9507 0013253 231.2119 165.5343  1.00352064119873
RADUGA-1 3
1 22981U 94008A   26283.61099277 -.00000328  00000+0  00000+0 0  9997
2 22981  14.1239 347.3380 0002518 248.6557 102.9036  1.00289831119638
TITAN 4 CENTAUR R/B
1 22989U 94009B   26261.10796957 -.00000082  00000+0  00000+0 0  9992
2 22989  16.9533  21.7660 0014845 240.2443 119.6257  1.00583799 26227
RADUGA 31
1 23010U 94012A   26283.81370700  .00000104  00000+0  00000+0 0  9992
2 23010  14.0907 347.3627 0001443 195.9959 172.9230  1.00267881119514
GORIZONT 30
1 23108U 94030A   26283.23810552 -.00000002  00000+0  00000+0 0  9998
2 23108  14.0138 347.3267 0005950 281.4097  73.7953  1.00162622118605
UFO 3 (USA 104)
1 23132U 94035A   26279.94876525 -.00000118  00000+0  00000+0 0  9993
2 23132  12.4191   5.0114 0005346 246.0380  95.5961  1.00271540132813
COSMOS 2282
1 23168U 94038A   26283.41607855  .00000090  00000+0  00000+0 0  9998
2 23168  13.8494 351.8589 0005309 147.1893 225.5291  1.00320786118160
COSMOS 2291
1 23267U 94060A   26282.94892819 -.00000065  00000+0  00000+0 0  9999
2 23267  14.1138 348.7577 0008102 238.5716 128.8791  1.00289433117357
SL-12 R/B(2)
1 23270U 94060D   26261.71539560 -.00000014  00000+0  00000+0 0  9990
2 23270  14.2276 349.3755 0007630 161.5294 173.7463  1.00053610116474
EXPRESS 1
1 23319U 94067A   26283.61489278 -.00000356  00000+0  00000+0 0  9993
2 23319  14.5512   1.1246 0007177 250.2960 108.6231  0.99826680116724
SL-12 R/B(2)
1 23322U 94067D   26283.16164502 -.00000220  00000+0  00000+0 0  9997
2 23322  13.8008 344.0230 0006478 162.2578 205.1521  1.00163820117169
ELEKTRO (GOMS 1)
1 23327U 94069A   26283.67885307 -.00000185  00000+0  00000+0 0  9993
2 23327  14.4373 348.3979 0009980 267.8911  89.5982  1.00271001117028
SL-12 R/B(2)
1 23330U 94069D   26283.48099218 -.00000137  00000+0  00000+0 0  9991
2 23330  14.4382 348.4417 0021196 160.9603 206.3314  1.00143451116815
LUCH
1 23426U 94082A   26283.33247299  .00000087  00000+0  00000+0 0  9993
2 23426  14.7358 353.6916 0007235 221.4283 138.5107  1.00184524116412
RADUGA 32
1 23448U 94087A   26283.67763972 -.00000125  00000+0  00000+0 0  9994
2 23448  14.2769 350.1010 0009773 266.9471  82.3101  1.00261041134034
SL-12 R/B(2)
1 23451U 94087D   26267.18075627 -.00000194  00000+0  00000+0 0  9995
2 23451  14.3031 350.2391 0008471 152.2103 200.2501  1.00062320 48260
TITAN 4 CENTAUR R/B
1 23568U 95022B   26282.75588384 -.00000178  00000+0  00000+0 0  9995
2 23568  18.3516   5.0300 0006976 339.6102  20.3640  1.00563932 27058
KOREASAT 1
1 23639U 95041A   26283.74836005  .00000002  00000+0  00000+0 0  9996
2 23639  14.7297 357.7261 0006102 243.6228 121.2266  0.99661632113683
COSMOS 2319
1 23653U 95045A   26283.82822685  .00000109  00000+0  00000+0 0  9992
2 23653  14.3290 351.8422 0007400 262.4767 106.7065  1.00172042113951
SL-12 R/B(2)
1 23656U 95045D   26283.54885248 -.00000274  00000+0  00000+0 0  9992
2 23656  14.3914 352.1355 0016916  57.9679 312.8858  1.00184126113829
TELSTAR 4 (TELSTAR 402R)
1 23670U 95049A   26283.22058389 -.00000198  00000+0  00000+0 0  9990
2 23670  13.6749  11.8132 0002553 259.5732  95.5577  1.00257268113659
LUCH-1
1 23680U 95054A   26283.73794620 -.00000094  00000+0  00000+0 0  9993
2 23680  15.0513 358.3096 0006378 166.1537 193.1367  1.00272345113507
GALS 2
1 23717U 95063A   26283.38557262  .00000076  00000+0  00000+0 0  9993
2 23717  14.5183   1.7121 0006578 313.9042  46.0821  0.99887649112773
INSAT-2C
1 23731U 95067B   26283.41425854 -.00000026  00000+0  00000+0 0  9994
2 23731  14.3729   7.3708 0001305   6.7482 339.9352  0.99789185112559
GALAXY 3R (G-3R)
1 23741U 95069A   26283.22058389 -.00000224  00000+0  00000+0 0  9991
2 23741  13.3975  15.3593 0003594 166.9001 188.3646  1.00318243112964
ABS-1A
1 23768U 96003A   26283.61931280 -.00000335  00000+0  00000+0 0  9995
2 23768  12.7621  24.6483 0003528 172.2649 187.0167  0.99801456112324
GORIZONT 32
1 23880U 96034A   26283.61411278 -.00000377  00000+0  00000+0 0  9990
2 23880  14.3766 354.0960 0008498 357.8676   3.7944  1.00166688111194
TURKSAT 1C
1 23949U 96040B   26283.68031093 -.00000353  00000+0  00000+0 0  9997
2 23949  12.2334  29.2376 0008536 189.0434 174.9228  1.00289551110842
UFO 7 (USA 127)
1 23967U 96042A   26283.25412407 -.00000250  00000+0  00000+0 0  9990
2 23967  11.2291  16.4302 0005819 142.0412 233.9241  1.00171297110642
ECHOSTAR 2
1 24313U 96055A   26283.72175326 -.00000299  00000+0  00000+0 0  9991
2 24313  12.1468  30.6185 0010443 107.8078  79.8927  1.00289090110174
EXPRESS 2
1 24435U 96058A   26283.68266641 -.00000337  00000+0  00000+0 0  9998
2 24435  14.5551 353.4524 0009253 349.2325  24.4904  1.00257598109970
DFH 3-2
1 24798U 97021A   26282.80762198 -.00000206  00000+0  00000+0 0  9997
2 24798  13.5998  12.9362 0006992 142.2664 241.1222  1.00172578107677
KUPON
1 25045U 97070A   26283.71223897 -.00000136  00000+0  00000+0 0  9998
2 25045  14.5400 353.7364 0005045 303.1943  56.7496  1.00233608105804
INDOSTAR 1
1 25050U 97071B   26283.82197454 -.00000061  00000+0  00000+0 0  9993
2 25050  13.0844  19.1530 0003366 263.1197 100.8176  1.00360994105966
GALAXY 8 (G-8)
1 25086U 97078A   26282.94918819 -.00000151  00000+0  00000+0 0  9997
2 25086  14.1252   9.0262 0003176  73.4549 274.9389  0.99706661105086
INTELSAT 804 (IS-804)
1 25110U 97083A   26283.51969617 -.00000102  00000+0  00000+0 0  9993
2 25110  13.2680  16.7400 0005771  16.7321 336.5188  1.00272182105484
UFO 8 (USA 138)
1 25258U 98016A   26283.56298065 -.00000239  00000+0  00000+0 0  9991
2 25258  11.2727  22.0275 0005742 234.5385 113.6384  1.00248968105011
COSMOS 2350
1 25315U 98025A   26283.73794620 -.00000173  00000+0  00000+0 0  9999
2 25315  14.0051   2.9884 0006934 186.0340 177.0042  1.00276251104172
SL-12 R/B(2)
1 25318U 98025D   26258.87136582  .00000000  00000+0  00000+0 0  9994
2 25318  14.0202   3.2072 0029856 138.4318 234.4844  1.00032726103680
TITAN 4B CENTAUR R/B
1 25337U 98029B   26283.51280501 -.00000319  00000+0  00000+0 0  9993
2 25337   7.5534 342.3201 0046677 181.5997 178.2869  1.00262488 27002
BADR-3 (ARABSAT-3A)
1 25638U 99009A   26283.56464081 -.00000249  00000+0  00000+0 0  9990
2 25638  12.1214  31.5308 0001712 301.6285  37.5361  1.00176221101112
RADUGA-1 4
1 25642U 99010A   26283.74714670 -.00000031  00000+0  00000+0 0  9998
2 25642  15.6669   0.6408 0006862 278.4392  76.5139  1.00191723101107
TELKOM 1
1 25880U 99042A   26283.88896488  .00000019  00000+0  00000+0 0  9995
2 25880   7.9603  64.9004 0014939 258.3390  79.5519  1.00258385 99544
ABS-7
1 25894U 99046A   26283.79810694 -.00000265  00000+0  00000+0 0  9993
2 25894   6.7650  69.3258 0004371 163.9748  38.5054  0.99974243 98234
YAMAL 102
1 25897U 99047B   26283.56156596 -.00000296  00000+0  00000+0 0  9990
2 25897  13.7827  11.8205 0001476 313.5449  42.5597  0.99999714 99147
GARUDA 1
1 26089U 00011A   26279.16918737 -.00000186  00000+0  00000+0 0  9999
2 26089   9.9197  62.4761 0004877 168.7878 189.3774  0.99922123 42764
SL-12 R/B(2)
1 26101U 00013D   26260.52822500  .00000097  00000+0  00000+0 0  9998
2 26101  14.3504   0.0814 0005814  79.6760 305.1231  1.00755925 97572
GALAXY 4R (G-4R)
1 26298U 00020A   26277.66816061 -.00000292  00000+0  00000+0 0  9999
2 26298  12.8856  23.2078 0008081 212.8132 341.9238  0.99840961 96716
IUS R/B(2)
1 26359U 00024D   26282.70498525 -.00000215  00000+0  00000+0 0  9998
2 26359  13.4142  11.7672 0005643 190.1168 169.8611  0.99702878 26516
GORIZONT 33
1 26372U 00029A   26282.73447633  .00000056  00000+0  00000+0 0  9997
2 26372  13.9363   5.9461 0003787 242.8589  49.2074  1.00216144 96577
FENGYUN 2B
1 26382U 00032A   26283.24519058 -.00000080  00000+0  00000+0 0  9998
2 26382  13.3830  16.0296 0003533 284.6383  60.2992  1.00069481 96072
COSMOS 2371
1 26394U 00036A   26283.74810005 -.00000090  00000+0  00000+0 0  9997
2 26394  14.0548   6.6345 0003473 200.5955 153.6539  1.00281822 96196
SL-12 R/B(2)
1 26397U 00036D   26259.13656122 -.00000264  00000+0  00000+0 0  9997
2 26397  14.0108   6.6925 0015839  81.5439 282.3943  1.00196590 48247
FENGYUN 2B AKM
1 26460U 00032C   26282.62873873 -.00000382  00000+0  00000+0 0  9999
2 26460  14.4833   5.3349 0021491  44.5181 315.6473  1.00164584123337
RADUGA-1 5
1 26477U 00049A   26279.68924191  .00000035  00000+0  00000+0 0  9991
2 26477  14.0305   7.2225 0000680  99.1329 215.2014  1.00216506 95534
TITAN 4 CENTAUR R/B
1 26716U 01009B   26282.68550131 -.00000374  00000+0  00000+0 0  9994
2 26716  12.7154  11.5581 0014645 153.1204 206.9430  1.00484759 27406
IUS R/B(2)
1 26883U 01033D   26283.85021695  .00000107  00000+0  00000+0 0  9997
2 26883  13.0356  15.8873 0006243   9.0016 350.9921  0.99888591 26947
COSMOS 2379
1 26892U 01037A   26283.68665310 -.00000378  00000+0  00000+0 0  9991
2 26892  13.3603  13.4144 0006940 241.6476 133.5606  1.00217031 92023
SL-12 R/B(2)
1 26895U 01037D   26258.93983347  .00000120  00000+0  00000+0 0  9991
2 26895  13.3383  13.8405 0019265  85.6747 274.4290  1.00219829 91701
ECHOSTAR 7
1 27378U 02006A   26283.83762712 -.00000160  00000+0  00000+0 0  9998
2 27378   4.3063  75.9043 0002290 134.4022 275.2559  0.99851080 51698
EUTELSAT 33B
1 27554U 02051A   26279.60363384  .00000105  00000+0  00000+0 0  9994
2 27554   9.2398  58.6287 0008683 329.3873 224.0658  1.00293418 49910
TITAN 4 CENTAUR R/B
1 27712U 03012B   26268.89295803  .00000006  00000+0  00000+0 0  9997
2 27712  11.2903  22.6096 0023425 278.7603  81.0144  1.00596009 26805
INSAT-3A
1 27714U 03013A   26283.75928009 -.00000351  00000+0  00000+0 0  9997
2 27714   9.1033  59.6950 0003978 322.1626  39.6300  0.99807936 85883
SL-12 R/B(2)
1 27780U 03015F   26283.75347340 -.00000306  00000+0  00000+0 0  9995
2 27780  12.8791  19.5195 0008926  41.9940 329.1004  1.00177795 85667
GSAT-2
1 27807U 03018A   26283.76086583 -.00000350  00000+0  00000+0 0  9997
2 27807  11.3974  40.6497 0009763 343.1378  29.8859  0.99850138 85596
YAMAL 201
1 28094U 03053B   26282.85906218 -.00000250  00000+0  00000+0 0  9999
2 28094   9.8706  54.3149 0006995 144.3473 220.1891  1.00286434 86034
SL-12 R/B(2)
1 28139U 03060D   26258.87110582 -.00000033  00000+0  00000+0 0  9992
2 28139  13.6376  13.0472 0019233 236.7102 124.0142  1.00322022 82946
IUS R/B(2)
1 28161U 04004D   26279.53477121 -.00000076  00000+0  00000+0 0  9994
2 28161  12.3307  25.4402 0004202  25.6391 334.3917  0.99829147 26509
RADUGA-1 7
1 28194U 04010A   26273.98075022  .00000082  00000+0  00000+0 0  9990
2 28194  13.7999  19.8838 0005730 233.5134 126.1945  1.00262680 82471
SL-12 R/B(2)
1 28240U 04015D   26283.55283917 -.00000006  00000+0  00000+0 0  9992
2 28240  13.4193  13.4850 0016587 330.7080  40.1398  1.00706299 82579
SL-12 R/B(2)
1 28466U 04043D   26258.87119250  .00000005  00000+0  00000+0 0  9996
2 28466  13.3013  15.7798 0007983 170.6843 187.7736  1.00105889 80012
SL-12 R/B(2)
1 28634U 05010F   26281.89014874  .00000087  00000+0  00000+0 0  9992
2 28634  13.2439  17.5447 0022834 269.2959  99.4823  1.00300032 78847
SL-12 R/B(2)
1 28704U 05023H   26283.74489271 -.00000140  00000+0  00000+0 0  9998
2 28704  13.0275  17.9529 0011278 326.8249   8.3515  1.00817547 78366
EKRAN 2 DEB
1 29014U 77092K   26283.90023161 -.00000371  00000+0  00000+0 0  9994
2 29014   3.8420 272.6914 0020802 349.3977 202.2294  1.00130571 48438
ZHONGXING-22A
1 29398U 06038A   26283.75364674 -.00000283  00000+0  00000+0 0  9993
2 29398  11.6984  36.3571 0004073 168.9496 185.5550  1.00072078 73536
MEASAT-3
1 29648U 06056A   26283.90109828 -.00000342  00000+0  00000+0 0  9992
2 29648   5.0208  74.6327 0004880 180.4696 214.0698  0.99748893 51541
NIGCOMSAT 1
1 31395U 07018A   26283.88697154  .00000078  00000+0  00000+0 0  9999
2 31395  12.0535  31.9147 0005911 134.2611 226.5131  1.00216272 71221
EXPRESS-AM33
1 32478U 08003A   26283.73353999 -.00000019  00000+0  00000+0 0  9993
2 32478   5.0911  73.8310 0014977 174.0482  34.5647  1.00249109 54899
KIZUNA (WINDS)
1 32500U 08007A   26283.86986891  .00000134  00000+0  00000+0 0  9997
2 32500   8.8053  60.8304 0003314 147.3749 148.2459  1.00342155 68056
COSMOS 2440
1 33108U 08033A   26283.89130490 -.00000107  00000+0  00000+0 0  9991
2 33108  10.8004  40.1253 0006076 199.8130 176.2894  1.00260383 66951
SL-12 R/B(2)
1 33111U 08033D   26283.89165156 -.00000147  00000+0  00000+0 0  9996
2 33111  10.7823  40.2564 0030225 340.9733  38.1597  1.00307321 66972
FENGYUN 2D DEB
1 33458U 06053D   26283.81873369 -.00000050  00000+0  00000+0 0  9997
2 33458  11.8679  36.1562 0022927  23.2640 323.5850  1.00295685 66531
RADUGA-1 8
1 34264U 09010A   26283.82098704 -.00000056  00000+0  00000+0 0  9998
2 34264  12.3365  40.5926 0009980  29.3392 325.4168  0.99814936 64324
SL-12 R/B(2)
1 34265U 09010B   26283.81673639 -.00000163  00000+0  00000+0 0  9993
2 34265  12.3286  40.5219 0002467 286.7451  74.2641  0.99992625 64350
ZHONGXING-6A
1 37150U 10042A   26283.76734014 -.00000142  00000+0  00000+0 0  9992
2 37150   4.5182  75.7170 0002857 184.3234 205.4183  0.99706924 59038
ELEKTRO-L 1 (GOMS 2)
1 37344U 11001A   26283.56081253  .00000121  00000+0  00000+0 0  9997
2 37344   9.9448  53.2969 0003143  42.3351 332.1105  1.00193695 57641
ZHONGXING-1A
1 37804U 11047A   26283.97810870  .00000145  00000+0  00000+0 0  9994
2 37804   4.0106  76.8421 0002025 219.5712 111.5412  1.00031588 28482
COSMOS 2473
1 37806U 11048A   26283.70129984  .00000122  00000+0  00000+0 0  9992
2 37806   5.8658  71.9926 0006816 145.6672 250.3166  1.00303016  8638
AMOS-5
1 37950U 11074A   26283.52735906  .00000144  00000+0  00000+0 0  9992
2 37950   9.0918  59.4483 0001832 117.2613  69.9309  1.00198982 54150
COSMOS 2479
1 38101U 12012A   26283.82497372 -.00000328  00000+0  00000+0 0  9994
2 38101   9.1131  55.1638 0005765 216.7022 145.0405  1.00387989 53250
SL-12 R/B(2)
1 38104U 12012D   26283.85799388 -.00000190  00000+0  00000+0 0  9999
2 38104   9.1023  55.3590 0011311 301.3563 239.2135  1.00385019 53222
CTS DEB [ARRAY COVER]
1 39688U 76004E   26283.50222561 -.00000198  00000+0  00000+0 0  9992
2 39688   2.9398 263.8197 0040643 213.0683 353.6724  1.00305969 43935
COSMOS 1700 DEB
1 40924U 85102G   26283.74376669  .00000074  00000+0  00000+0 0  9993
2 40924   9.5047 318.1119 0021451 143.8654 235.8817  1.00298130 68590
INTELSAT 29E (IS-29E)
1 41308U 16004A   26283.56525547 -.00000164  00000+0  00000+0 0  9997
2 41308   6.7831  68.8673 0003949 138.0540 162.4666  1.00611646 39432
INTELSAT 33E (IS-33E)
1 41748U 16053B   26283.88047150  .00000118  00000+0  00000+0 0  9991
2 41748   1.8688  82.4658 0024298 191.5498  83.2808  1.00234945 37403
ZHONGXING-9A
1 42763U 17035A   26283.89399157 -.00000117  00000+0  00000+0 0  9998
2 42763   5.2753  73.7366 0001069 233.8167 122.9938  0.99777911 34803
FENGYUN 2A DEB
1 43355U 97029D   26283.64832105 -.00000344  00000+0  00000+0 0  9997
2 43355  14.8538 356.0461 0043410  36.5877 323.7016  1.00249143 43760
COSMOS 1897 DEB
1 44572U 87096G   26283.80764031  .00000072  00000+0  00000+0 0  9999
2 44572  10.7132 325.5996 0024431 286.3870  70.7289  1.00458619 72146
LUCH DEB
1 44582U 94082G   26283.81526700 -.00000005  00000+0  00000+0 0  9990
2 44582  14.5819 353.1006 0015084 115.6788 256.4071  1.00698462 47412
SHIYAN-9 (SY-9)
1 47851U 21019A   26283.55021520 -.00000252  00000+0  00000+0 0  9997
2 47851  16.2781 300.9426 0015323  20.0234  42.4096  1.00262652 25298
EKRAN 2 DEB
1 59987U 77092N   26283.02755022  .00000138  00000+0  00000+0 0  9997
2 59987   3.8370 272.3327 0013483 235.6462 273.7641  1.00196170 64267
INTELSAT 33E DEB
1 61994U 16053L   26266.40726513 -.00000284  00000+0  00000+0 0  9997
2 61994   1.8339  83.6670 0024812 215.0437 145.5918  1.00509715  7080
INTELSAT 33E DEB
1 61998U 16053Q   26282.99063895 -.00000056  00000+0  00000+0 0  9997
2 61998   1.8491  81.5479 0011051  30.1858 330.5472  1.00444253  7256
INTELSAT 33E DEB
1 62000U 16053S   26280.96287935 -.00000169  00000+0  00000+0 0  9995
2 62000   1.9950  88.9390 0024641 355.5996   5.0873  1.00091361  7214
INTELSAT 33E DEB
1 62003U 16053V   26283.86379735 -.00000367  00000+0  00000+0 0  9990
2 62003   1.9170  85.4617 0012944 202.9181 157.6591  1.00433223  7240
NTS-3
1 65160U 25173A   26283.87379815 -.00000037  00000+0  00000+0 0  9994
2 65160   3.5259  70.5401 0001352 155.1742  95.7248  1.00654062  1197
VIASAT-3 F3
1 68893U 26096A   26283.83641377 -.00000129  00000+0  00000+0 0  9998
2 68893   0.0187 234.9322 0000397 230.2392  13.9729  1.00272373  1778
TJS-25
1 69474U 26129A   26283.61506611 -.00000385  00000+0  00000+0 0  9992
2 69474   5.8547 330.7370 0005297 290.5154  99.6644  1.00272525  1220
TJS-26A
1 69674U 26144A   26283.61246610 -.00000367  00000+0  00000+0 0  9991
2 69674   6.8254 323.2232 0006774 344.0876  39.9561  1.00272990  1107
SXM-11
1 69728U 26148A   26283.42261075  .00000000  00000+0  00000+0 0  9999
2 69728   0.0140 210.3288 0000504 155.2414  50.2886  1.00271681  1190
